"","LU_0","LU_3","LU_4","LU_5","LU_6","LU_9","LU_11","LU_12","LU_13","LU_15","LU_18","LU_21","LU_24","LU_25","LU_27","LU_30","LU_31","LU_32","LU_33","LU_34","LU_35","id"
"1",0,0,64.2764237349624,0,0,0,0,0,92.8680448327242,0,0,183.823404537252,306.467943007142,8.28321840753794,0,0,0,0,0,0,0,"061110"
"2",0,0,460.605574469373,0,0,0,0,0,0,0,0,972.150138732449,33727.5791044393,2050.44754254717,0,0,0,0,0,0,0,"140103"
"3",0,0,5961.79980057381,0,0,0,0,0,0,0,0,8611.35378127295,223634.802351967,4020.27343805392,0,0,0,0,0,0,0,"140106"
"4",0,0,1887.78178423586,0,0,0,0,0,0,0,262.310667722697,1558.6691615426,14508.4160963492,1921.91741460398,0,0,0,0,0,0,0,"140107"
"5",0,0,2926.03198180674,0,0,0,0,0,0,0,0,5733.88333611427,57449.4221889011,684.865056166891,0,0,0,0,0,0,0,"140108"
"6",0,0,0,0,0,0,0,0,0,0,0,12.0957556839293,31828.2473049169,2327.7318619258,0,0,0,0,0.241399712860584,0,0,"140114"
"7",0,0,679.089731562874,0,0,0,0,0,0,0,326.26336086592,5084.32129384452,18047.4480243919,908.994990960069,0,0,0,0,0,0,0,"140115"
"8",0,0,1850.38957797173,0,0,0,0,0,254.337072151725,0,661.820772303288,8028.70914674563,25634.0875756379,303.1740372926,0,0,0,0,0,0,0,"140116"
"9",0,0,0,0,0,0,0,0,0,0,115.629700325488,11975.6995095874,155810.272078022,14722.6759009425,0,0,0,0,6.97886290680617,0,0,"150201"
"10",0,0,0,0,0,0,0,0,0,0,173.434587183874,9052.71980395669,78937.3291638152,3547.82569256304,0,0,0,0,0,0,0,"150806"
"11",0,0,0,0,0,0,0,0,0,0,2694.96477680497,2446.37559349935,45321.0588536641,2271.44487366757,0,0,0,0,3.43059135670774,0,0,"150202"
"12",0,0,0,0,0,0,0,0,0,0,0,6190.16077352251,43305.2570040128,2401.02287235576,0,0,0,0,0,0,0,"150204"
"13",0,0,0,0,0,0,0,0,0,0,0,4021.11430089901,27219.3753555659,3023.0942386965,0,0,0,0,0.0309493541717529,0,0,"150205"
"14",0,0,171.327141752721,0,0,0,105.005338357989,0,0,0,0,3659.82200303882,333929.401189153,121794.169657592,0,0,0,0,0,0,0,"021809"
"15",0,0,0,0,0,0,0,0,0,0,0,460.129971073391,1520.09683507681,24.6629788689315,0,0,0,0,3.00068974494934,0,0,"050510"
"16",0,20.7662725016708,0,0,0,0,0,0,1.99142734659865,0,0,311.035168407786,2398.69390152799,120.306149709504,0,0,0,0,0.498295399367333,0,0,"080912"
"17",0,384.875494891778,0,0,0,0,0,266.452162415485,2190.14845039508,651.727491236122,1179.9128050044,0,18852.2765558233,1949.29809817919,0,0,0,0,0,0,0,"200301"
"18",0,0,516.865608935686,0,0,0,0,0,0,0,0.308995981817134,2194.22991982824,8516.644948065,174.617140926712,0,0,0,0,3.57159228841195,0,0,"200402"
"19",0,0,1544.00991547425,0,0,0,0,0,0,0,1.84622137767082,7858.19976350823,21582.2734564469,1114.26471048416,0,0,0,0,8.45311807189139,0,0,"200405"
"20",0,25.5142037660683,749.957584449966,0,0,0,0,0,0,0,0,3569.28553070564,0,0,0,0,0,0,0,0,0,"200410"
"21",0,0,414.826738350809,0,0,0,0,0,0,0,0,9466.22170482539,18989.2947767095,545.003985066203,0,0,0,0,0,0,0,"200404"
"22",0,0,8397.13838321453,0,0,0,126.51773598697,0,0,0,362.010977949759,24157.6352023227,169563.08706166,3047.23981762466,0,0,0,0,13.6644092062124,0,0,"200105"
"23",0,0,4090.191126796,0,0,0,0,0,0,0,80.7103685337825,9366.66797470036,405853.687140127,3228.29159506475,0,0,0,0,141.375925528674,0,0,"200101"
"24",0,0,0,0,0,0,0,2.35413312911987,6.22178499400616,0,0,992.356157586957,1643.11900031567,166.322053981945,0,0,0,0,0,0,0,"200403"
"25",0,0,2148.69664858544,0,0,0,0,0,0,0,443.025898837901,18559.345484225,146290.418763312,2261.59081651983,0,0,0,0,0,0,0,"200401"
"26",0,0,17659.9266471857,0,0,0,0,0,0,0,761.845256280358,13279.3573985213,387142.687915357,12379.0213459466,0,0,0,0,6.18207075390339,0,0,"200104"
"27",80.2148320582978,0,46.5509397556249,0,0,0,0,0,27.6364659820853,0,0,18.0910663604743,223609.157121971,22175.0926374943,0,0,0,0,21.1385706961155,0,0,"200501"
"28",0,0,304.021739100121,0,0,0,0,0,0,0,0,389.396331137999,35335.2937646572,316.199060031878,0,0,0,0,0,0,0,"200504"
"29",0,0,1511.08408289715,0,0,0,0,0,0,0,305.150947671766,134.342252263858,7117.08949567244,3474.90646196597,0,0,0,0,0,0,0,"200506"
"30",0,0,8142.72838173172,0,0,0,0,0,0,0,352.594313582388,1869.51057393252,26246.2103742264,8447.5768680101,0,0,0,0,0,0,0,"200603"
"31",0,0,117.622339085539,0,0,0,0,0,740.153244915174,0,5.22486647510959,3439.06196720808,34310.7058372702,18256.7609922549,0,0,0,0,0.796202781843022,0,0,"200607"
"32",0,0,832.426670176649,0,0,0,0,0,0,0,0,2820.34841739491,3413.3595851697,172.832563281059,0,0,0,0,0,0,0,"200207"
"33",0,0,871.094059159608,0,0,0,0,0,0,0,4.51678241884543,5431.29958129723,22077.9207306556,351.869310578739,0,0,0,0,0,0,0,"200111"
"34",0,3.33013307955116,0,0,0,0,0,0,0,0,0,5220.35369263634,10872.9255070686,767.007805973291,0,0,0,0,0,0,0,"200201"
"35",6.47031915187836,0,102.888700474059,0,0,0,0,0,0,0,0,0,28365.1393485347,4581.67904764603,0,0,0,0,0.0110729113221169,0,0,"200703"
"36",0,0,0,0,0,0,0,0,0,0,0,0,0,0,0,0,0,0,0,0,0,"200604"
"37",0,0,2133.71792744355,0,0,0,0,0,0,0,0,2634.02074618085,1656.07319571081,67.4489575624466,0,0,0,0,0.135742768645287,0,0,"200210"
"38",5.17287299782038,0,494.692350765708,0,0,0,0,0,0,0,0,1892.10593992138,259211.035635451,12685.3205487324,0,0,0,0,0.00208714785185293,0,0,"200701"
"39",0,0,117.749370135367,0,0,0,0,0,0,0,0,0,1425.28658525389,986.625021123527,0,0,0,0,0,0,0,"200704"
"40",0,0,27.3762992545979,0,0,0,0,0,0,0,0,76.4231882598333,23853.0340003072,927.023891288034,0,0,0,0,0,0,0,"200705"
"41",0.268132799073516,0,0.177703961730003,0,0,0,0,0,869.671257676844,0,0,553.713707315495,30044.0527806451,2452.48883207377,0.558194756507874,0,0,0,9.86137977382191,0,0,"200706"
"42",0,0,923.310753017664,0,0,0,0,0,0,0,0,980.636548221111,106059.487015456,275.890179276466,0,0,0,0,0,0,0,"200602"
"43",1.84939053514972,0,110.275017310168,0,0,0,0,0,0.0768365689839719,0,0,34.3687807098031,10141.6124263719,2281.91745631349,0,0,0,0,17.8609337210655,0,0,"200702"
"44",0,0,931.436613197799,0,0,0,0,0,0,0,0,2181.00990226194,467474.772661363,4227.54493354198,0,0,0,0,0,0,0,"200115"
"45",0,1.68656254775552,0,0,0,0,0,9.51107001304626,2.22534787794575,0,0,147.752241656888,917.883852631552,0.958750427700579,0,0,0,0,4.32553736167029,0,0,"080913"
"46",0,5.76311335890205,0,0,0,0,0,0,0,0,0,259.151864134154,402.682063378394,54.1808691620827,0,0,0,0,61.6152520605829,0,0,"120609"
"47",0,54.0484623636585,0,0,0,0,0,0,0,0,27.7540535345769,574.206826627497,1543.34913284631,110.608534216881,0,0,0,0,8.52408539503813,0,0,"100607"
"48",0,0.517935793563083,0,0,0,0,0,0,0,0,173.607877054944,88.7972488181124,2664.33705508557,26.3852851390839,0,0,0,0,0,0,0,"100704"
"49",0,0.09344395561493,0,0,0,0,0,0,0,0,11.3728308752227,545.44829946929,2049.89325257183,21.3169423788802,0,0,0,0,0,0,0,"100705"
"50",0,201.635866197124,0,0,0,0,0,0,0,0,22.8933042630379,4839.42255316499,29849.4720566578,435.353668839671,0,0,0,0,769.414378645365,0,0,"100608"
"51",0,108.44348206465,0,0,0,0,0,10.6318254470825,2.390740191855,0,0,1171.25026019718,6447.68718686528,151.878341350995,0,0,0,0,60.9719929287587,0,0,"080902"
"52",0,62.4421546296911,0,0,0,0,0,0,0,125.606565795074,528.786686273526,89.8040026193123,6332.7255813449,85.2975974617401,0,0,0,0,108.303877482698,0,0,"250202"
"53",0,9.87066444347522,0,0,4.28983095839001,0,0,0,0,72.4757548582896,0,465.618822414707,4246.25652769286,1.10386848449707,0,0,0,0,0,0,0,"170301"
"54",0,0,0,0,0,0,0,0,0,0,0,335.080431147392,1404.80889121344,25.4550335289742,0,0,0,0,0,0,0,"100609"
"55",0,26.0739450419211,0,0,0,0,0,0,0,0,0,300.937518813249,25.2464195088251,27.1076084706001,0,0,0,0,0,0,0,"100610"
"56",0,0,0,0,0,0,0,0,0,0,0,0,0,0,0,0,0,0,0,0,0,"100603"
"57",0,546.666591634473,0,0,0,0,0,43.3645308902488,125.534306013957,0,0,630.884047735011,3746.20939587278,60.131632655859,0,0,0,0,88.414314101974,0,0,"211207"
"58",0,2906.3090373671,0,0,0,0,0,0,0,0,38.8783857517427,10590.9760741571,122773.851736976,2407.80331218547,0,0,0,0,756.967259241381,0,0,"100601"
"59",0,1085.86009892317,6.31983959674835,0,12.771668240428,0,0,0,0.214658945798874,0,5.04397876560688,1213.07018717673,0,1086.48907264161,0,313.852808952332,0,0,12.156049496545,0,0,"100602"
"60",0,196.650195178684,0,0,0,0,0,0,0,0,48.6268556803043,4306.49187851881,9220.58870615622,172.095577018554,0,0,0,0,0.315052035672126,0,0,"100605"
"61",0,24.2938922327054,0,0,2.252825787292,0,0,0,0,552.002313539794,29.912794014992,537.184188235118,2158.95096161722,60.3460284620523,0,0,0,0,71.8731654357118,0,110.003827604785,"100904"
"62",0,67.0344108615627,0,0,0,0,0,0,0,45.696817401742,86.9599289172758,847.783306003315,2086.16036139976,370.950187503129,0,0,0,0,70.0906004014309,0,0,"120608"
"63",0,1210.31919193035,0,0,0,0,0,0,3.05316744325683,0,0,4857.88992290876,60290.865341234,3936.18541092717,0,0,0,0,58.3397837667038,0,0,"120301"
"64",0,685.765782451365,0,0,0,0,0,4.40388011933528,98.3208841391024,0,0,3247.23377003251,81440.7772320397,1378.56045517672,0,0,0,0,1430.74056217517,0,0,"120302"
"65",0,153.922077387664,0,0,0,0,0,0.0475693866610527,3.31167674064636,0,0,2366.80813487352,56294.0985835471,2544.09066406498,0,0,0,0,184.305225401045,0,0,"120303"
"66",0,127.534964394084,0,0,0,0,0,0,0,0,0,675.389798301249,1882.91179193184,632.961606753845,0,0,0,0,47.0530430453509,0,0,"120304"
"67",0,0,0,0,0,0,0,0,0,0,0,6127.77577138816,62598.056367697,19151.2071142513,0,0,0,0,0,0,0,"020801"
"68",0,0,0,0,0,0,0,0,0,0,64.0094384407925,1606.35015112138,4107.75499532144,723.243101493327,0,0,0,0,0,0,0,"020802"
"69",0,0,0,0,0,0,0,0,0,0,0,465.788568647707,1730.92633175384,713.637454090675,0,0,0,0,0,0,0,"020803"
"70",0,0,0,0,0,95.8377990804947,0,213.292628071729,59.6539353399976,0,0,4290.9483638271,10894.6487314056,183.804093271494,0,0,0,0,0,0,0,"021001"
"71",106.219393681735,0,822.52272214646,0,0,0,115.653020760258,0,0,0,0,21264.7848223473,515403.178543345,27769.3421063362,0,0,0,0,18.8042470951914,0,0,"021801"
"72",0,2.01504490012305,0,0,0,0,0,0,28.3180017667073,0,0,1384.04752858413,892.539985135198,186.807477180846,0,0,0,0,0,0,0,"021802"
"73",0,0,249.539355387562,0,0,0,1.14442968985531,0,0,0,0,7079.86554459175,43309.7640211784,1382.02278336155,0,0,0,0,0.00140821700915694,0,0,"021808"
"74",0,0,0,0,0,0,0,0,0,0,695.143223360624,5303.83166554832,35575.1866649595,3898.81739929669,0,0,0,0,0,0,0,"150811"
"75",0,0,0,0,0,0,18.5390836492717,0,0,0,0,4805.8689552777,46373.9789405847,6673.87754174439,0,0,0,0,0,0,0,"150812"
"76",0,0,0,0,0,0,0,0,0,0,148.639469193478,3035.68927016591,534008.827158358,21539.9954002587,0,0,0,0,0,0,0,"130102"
"77",0,29.6307238861918,0,0,0,63.9334843944598,0,631.747441051143,509.831534586637,0,0,36081.2862453673,485798.392184913,617.786700956525,0,0,0,0,0,0,0,"060101"
"78",0,0,7.68896831199568,0,0,0,0,0,0,0,0,42.8905911445618,5633.47550852399,759.419693185253,0,0,0,0,0,0,0,"140104"
"79",0,0,0,0,0,0,0,0,0,150.661261307583,0,0,146.359848039225,0,0,0,0,0,0,0,0,"060404"
"80",0,18.092297077179,0,0,0,0,0,40.8077514700363,58.3135804525553,941.737920632163,0,0,2322.83980214337,108.298505362357,0,0,0,0,0,0,0,"060407"
"81",0,0,4.10049850684884,0,0,0,0,0,65.6319813501165,0,0,88.1137636494187,0,0,0,0,0,0,0,0,0,"060418"
"82",0,319.649415752446,0,0,0,0,0,0,8.11301628500362,0,0,4128.25387658889,32188.1666001204,310.599320443536,0,0,0,0,0.0783766657114029,0,0,"060901"
"83",0,148.394730426476,13.3134501089229,0,0,0,0,1.23430020594969,0,0,971.440226420955,1356.84777396732,5052.88027838596,60.5626409240141,0,0,0,0,50.9187943932517,0,0,"060902"
"84",0,18.9409041765037,88.8966910270974,0,0,0,0,13.2771306135744,27.6171114079189,0,3734.56353248455,0,6399.07844140381,1451.92219261918,0,0,0,0,173.110132902104,0,0,"060903"
"85",0,0,0,0,0,0,0,0,1.83727223984921,0,0,2152.83029542948,3656.30863609748,73.495335070592,0,0,0,0,3.81042455695643,0,0,"060904"
"86",0,10.1836930457563,0,0,0,0,0,0,1.57659445283934,0,0,225.636627174428,2373.92384663242,17.4168760572938,0,0,0,0,100.761582269451,0,0,"060905"
"87",0,15.83587604441,0,0,0,0,0,0,9.14596078528763,0,0,2387.65368403542,4229.00654672086,79.7914559841156,0,0,0,0,95.3826318562521,0,0,"060906"
"88",0,2.39298360887915,678.571105128698,0,0,0,0,493.961479796446,39.4309966989867,0,2475.45474747222,21.8654369476717,12459.3881945178,1571.98571125886,0,0,0,0,0.305458191316575,0,0,"060802"
"89",0,88.154229916633,0,0,0,0,0,0,5.51271319389429,0,0,204.213819219207,707.181692585349,5.42367897927761,0,0,0,0,163.562008975074,0,0,"060811"
"90",0,527.394009551142,0,0,0,0,0,0,0,0,0,1090.67573684479,3453.04585456848,45.4995875358582,0,0,0,0,1.69512199331178,0,0,"060803"
"91",0,128.775326022183,1743.27755309103,0,0,0,0,347.102734122567,77.8115160699918,0,4394.44515484882,1385.43306007572,218066.587542697,3897.66486903821,0,0,0,0,38.0021487322729,0,0,"060801"
"92",0,0.0443060211865083,57.3203006386761,0,0,0,0,0,3.88259914889932,0,349.736854039425,567.84022663112,3503.90829366446,14.1467928141356,0,0,0,0,8.78999092231978,0,0,"060807"
"93",0,4.94641667604495,0,0,0,0,0,0,0.0777021941030398,0,0,1287.94398970866,3681.01800028607,57.3853324651718,0,0,0,0,7.21649869512968,0,0,"060804"
"94",0,0,0,0,0,0,0,0,9.7386020350456,0,88.708993198264,0,221.991660192609,65.1323759489464,0,0,0,0,57.6081609264947,0,0,"060603"
"95",0,0,1114.32187533135,286.657808517423,0,0,0,0,288.014388891553,0,1487.35028399083,4451.17246201689,252456.490919608,22491.7631374822,0,0,287.7642414879,0,308.685445429687,0,0,"240101"
"96",0,0,1138.15882969705,0,0,0,0,0,1401.17677392093,0,1858.72811725435,1478.30231002385,44071.015921862,7973.03233320667,0,0,0,0,5.54306294850539,0,0,"240102"
"97",0,0,85.2797395847765,0,0,0,0,0,813.85755126113,0,0,122.756064657267,19273.0431077321,2126.53719922929,5.27580642700195,0,0,0,0,0,0,"240103"
"98",0,0,437.846912468651,0,0,0,0,0,10.3124195225537,0,0,798.94294955929,4301.76272536619,3087.0938576128,0,0,0,0,0,0,0,"240104"
"99",0,0,905.531920188427,0,0,0,0,0,67.2764416794599,0,84.1282328224048,525.141910823785,7634.03633913901,4945.8441036628,0,0,0,0,0,0,0,"240105"
"100",0,0,428.317926159901,0,0,0,0,0,12.2270292369774,0,46.01799114408,248.931103451334,4579.2867134822,2602.42889188323,0,0,0,0,7.31934070644091e-11,0,0,"240106"
"101",0,0,144.574918154596,0,0,0,0,0,1587.88192671568,0,0,293.453185587205,19520.616584759,3870.97826032722,0.186803102493286,0,0,0,0.101650160272224,0,0,"240201"
"102",0,0,126.747961279361,0,0,0,0,0,0,0,0,9.74415077664889,183.563939493266,143.159065327668,0,0,0,0,0,0,0,"240202"
"103",0,0,19.9812833552714,0,0,0,0,0,794.355873913766,0,0,0,8471.98139951623,2775.61971311218,42.2875461716903,0,0,0,267.70351447165,0,0,"240203"
"104",0,0,75.2219919140734,0,0,0,0,0,339.505372067294,0,0,859.779035891577,43269.7644939162,11978.0053350971,0,0,4.72800771760303,0,9.21926403045654,0,0,"240301"
"105",57.6454320736298,0,235.305784238772,0,0,0,0,0,24.6532442608249,0,0,2807.4913559639,38109.8328316628,7228.04678896528,0,0,271.221090819456,0,5.87805054672572,0,0,"240302"
"106",0,9.49408130238028e-12,1469.62850822655,0,0,0,0,0,0,0,0,949.141964931956,0,3837.06994639751,0,0,0,0,0,0,0,"240303"
"107",0,0,944.309290002573,0,0,0,0,0,18.5110141634941,0,0,1357.77443559071,3114.54832350463,5664.44341220474,0,0,0,0,0,0,0,"240304"
"108",0,0,0.194150759839689,0,0,0,0,1751.23217702838,231.369751598686,3852.40835958343,0.547903180124692,0,45969.4846938843,5042.19723399485,0,17.1390934006486,0,0,8.56077066157091,0,0,"060301"
"109",0,8.96972919628024,0,0,0,0,0,271.798291643312,300.435028479132,8482.83297799905,2101.31014131434,0,47282.9319145503,1650.43084996846,0,0,0,0,0,0,0,"060601"
"110",0,6.67305887490511,0,0,0,0,0,0,119.080319725376,1099.27930998972,0,0,1888.1972548621,60.9782199859619,0,0,0,0,0,0,0,"060607"
"111",0,110.361023959592,0,0,0,0,0,127.589375698473,639.927564696037,10107.985368276,0,320.63028561946,57177.2230688594,890.691426491025,0,0,0,0,0,0,0,"060401"
"112",0,0,1672.32119815859,0,0,0,0,0,191.187478197142,0,513.145566749893,2409.24225781838,1883.8983502835,516.083432614803,0,0,0,0,0,0,0,"060411"
"113",0,0,0,0,0,0,0,3.63845634460449,0,0,0,89.560735811291,57.2798389345407,1.126010697335,0,0,0,0,0,0,0,"060412"
"114",0,0,0,0,0,0,0,11.3876054834381,62.6293431840459,2183.08107419784,0,0,6213.7578525333,191.47239630861,0,0,0,0,0,0,0,"060417"
"115",0,66.463595201345,0,0,0,0,0,0,589.617540277541,0,0.00903372350148857,1762.60089967304,897.051397562027,346.694020092487,0,0,0,0,0,0,0,"061303"
"116",0,0,0.961339378729463,0,0,0,0,0,36.4559498429298,0,0,271.959635295149,0,103.065349161625,0,0,0,0,0,0,0,"061304"
"117",0,0,0,0,0,0,0,0,1.65533407498151,0,0,15071.9447157683,598614.793056438,56237.828721219,0,0,0,0,144.830294885166,0,0,"150118"
"118",0,0,0,0,0,0,0,0,0,0,0,1188.02438269788,224256.7240449,0,0,0,0,0,0,0,0,"150113"
"119",0,0,0,0,0,0,0,0,0,0,0,4623.36301452543,795963.254823519,8101.39716656129,0,0,0,0,93.7441130188233,0,0,"150101"
"120",0,0,0,0,0,0,0,0,0,0,0,1238.38419819809,159151.00732038,6.80602073669434,0,0,0,0,0,0,0,"150116"
"121",0,0,0,0,0,0,0,0,0,0,0,6186.45786554112,286560.650161915,2554.19188181221,0,0,0,0,4.59518234626739,0,0,"150122"
"122",0,0,0,0,0,0,0,0,0,0,0,178.145720423055,176321.617464025,948.430396689027,0,0,0,0,0,0,0,"150120"
"123",0,0,0,0,0,0,0,0,0,0,0,1754.73948866129,246276.910344988,1932.16702258587,0,0,0,0,0,0,0,"150121"
"124",0,0,0,0,0,0,0,0,0,0,0,5364.39952905454,332301.591658215,0,0,0,0,0,0,0,0,"150130"
"125",0,0,0,0,0,0,0,0,0,0,0,766.471523892134,154456.459624516,233.918936238624,0,0,0,0,0,0,0,"150134"
"126",0,0,0,0,0,0,0,0,0,0,0,2266.64377517492,453304.250921529,2553.40088453659,0,0,0,0,59.4151685237885,0,0,"150136"
"127",0,0,0,0,0,0,0,0,0,0,0,1717.03331947327,580285.468691987,2337.59766310876,0,0,0,0,0,0,0,"150137"
"128",0,0,0,0,0,0,0,0,0,0,0,695.118153572083,266227.540527898,408.133157730103,0,0,0,0,0,0,0,"150141"
"129",0,0,0,0,0,0,0,0,0,0,0,334.324077606201,252518.201128483,573.967079162598,0,0,0,0,0,0,0,"150105"
"130",0,0,0,0,0,0,0,0,0,0,0,501.620153971016,468036.995915821,52296.475607498,0,0,0,0,219.202136288659,0,0,"150128"
"131",0,0,0,0,0,0,0,0,3.89432485215366,0,0,53.4107093065977,577846.310836651,38040.6085516165,0,0,0,0,0,0,0,"150112"
"132",0,0,0,0,0,0,0,0,0.0135043615593353,0,0,2295.5824579983,2831370.07908256,111842.472943474,0,0,0,0,7.60818099975586,0,0,"150132"
"133",0.0341348422225565,0,0,0,0,0,0,0,0,0,0,6.26284055974975,63251.7791693528,5025.99626645878,0,0,0,0,0.146757557988167,0,0,"150139"
"134",0,0,0,0,0,0,0,0,0,0,0,5764.64861548578,177713.309264528,156.413692435715,0,0,0,0,0,0,0,"150131"
"135",0,0,0,0,0,0,0,0,0,0,0,1304.92194163974,495427.146366109,17682.9386677779,0,0,0,0,0,0,0,"150115"
"136",0.0320521704852581,0,0,0,0,0,0,0,0,0,0,58.4239406585693,101009.03114878,151.362828351693,0,0,0,0,0,0,0,"150104"
"137",0,0,0,0,0,0,0,0,0,0,0,37.4567198753357,130792.224262394,2096.22493574861,0,0,0,0,0,0,0,"070107"
"138",0,6.54304265975952,0,0,0,0,0,454.522237693821,414.362378140126,0,0,4109.82696016942,229388.86737596,5113.24217325121,0,0,0,0,1030.47516604408,0,0,"100101"
"139",0,124.80217938358,0,0,0,49.4355391263962,0,1373.19088033643,373.767629659211,0,0,6351.54013099637,201102.991812975,4925.74353577102,0,0,0,0,588.162931514966,0,0,"100102"
"140",0,7.92210808699019,0,0,0,0,0,137.826553667534,210.220025750116,0,0,5842.5610445854,100861.742902187,1769.09860196507,0,0,0,0,291.332298725494,0,0,"100111"
"141",0,29.1123480454554,0,0,0,0,0,260.432402128753,184.565577582467,0,0,4661.66477727837,4385.17654508352,326.588434765649,0,0,0,0,0,0,0,"100103"
"142",0,345.087395790619,0,0,0,0,0,26.4810414118692,10.2969675585655,0,0,3998.91590949124,7339.82205553399,159.192519800738,0,0,0,0,0,0,0,"100802"
"143",0,0.324551491241436,0,0,0,0,0,146.318454441377,0.619239568710327,0,0,2925.40445599407,2028.54631473869,385.523489510975,0,0,0,0,0.448303658806253,0,0,"100109"
"144",0,269.279411971736,0,0,0,0,0,0.00070121354656294,0,0,5.51140084614431,3086.45998453693,11845.5540027526,510.44933877494,0,0,0,0,0.00143821199890226,0,0,"100507"
"145",0,55.4118832306704,0,0,0,0,0,0,0,663.813569301454,0,1983.17519432164,8297.41011611284,160.42815149011,0,0,0,0,319.089443857546,0,0,"100901"
"146",0,9.27863409183955,0,0,0,0,0,0,0,1550.4930596808,0,371.239077185213,3685.82636831788,131.299554584639,0,0,0,0,22.7913322303221,0,0,"100902"
"147",0,1045.61983353892,0,0,0,0,0,31.7033662796021,0,0,42.1148419770761,3049.1788732336,10456.4936383959,3024.68032393378,0,0,0,0,113.953994188624,0,0,"100606"
"148",0,31.9027981348378,0,0,0,24.1486026643834,0,2.42305932381714,1.03148889541626,0,0,629.404884120296,399.300558567047,71.2148628234863,0,0,0,0,0,0,0,"100403"
"149",0,144.653284319296,0,0,0,0,0,0,0,0,77.2500529567908,2973.36399784592,43108.2883827922,325.79314596963,0,0,0,0,463.690006164531,0,0,"100604"
"150",0,30.034427145496,0,0,0,0,0,272.183226078021,36.5548217424075,278.279116183985,1554.04013621486,339.759864164453,3516.61607040003,38.9660575393937,0,0,0,0,1.41498342633085,0,19.3908356071172,"100702"
"151",0,0,0,0,0,0,0,0,0,31.9445692489412,0,596.924776364529,2444.59870899604,48.2713910743332,0,0,0,0,29.8475687318718,0,0,"100903"
"152",0,0.0450184168876149,0,0,0,0,0,0,0,150.959103399888,0,1109.82114109478,1788.1208743765,69.4069709181786,0,0,0,0,44.5668765233714,0,0,"100905"
"153",0,363.907014412964,0,0,132.383728265821,0,1614.70889071901,0,0,0,1954.6566518133,824.316250339568,43692.1280815333,1493.07575596864,0,0,0,0,346.814075304001,0,0,"160601"
"154",0,0.0411628438289995,0,0,0,0,36.1594895002127,0,0,0,101.28419768389,0,2350.90287671927,140.169292436688,0,0,0,0,94.873511603611,0,0,"160602"
"155",0,3.31052829000238,0,0,3.10571760364999,0,91.3315817679332,0,0,0,204.663354924063,549.207162423697,2134.16309049648,1371.55842412652,0,0,0,0,84.4040150253139,0,0,"160603"
"156",0,0.0119886668398976,0,0,0,0,7.6742925515864,0,0,0,240.093601846423,22.8402063697609,2615.48857656106,520.608736160648,0,0,0,0,22.7720245369261,0,0,"160604"
"157",0,0,0,0,0,0,0,0,0,0,120.294378346852,0.166759813553654,4673.32524631645,2.08387869596481,0,0,0,0,0,0,0,"220703"
"158",0,2.83359382326307,0,0,0,0,0,0,0,0,817.038351330964,1554.94512387339,7102.97461159963,231.139418162713,0,0,0,0,67.5721575274726,0,0,"220202"
"159",0,23.3942978065461,0,0,0,0,0,0,4.40824198722845,0,0,243.988617452113,1145.70428088307,25.2571551576257,0,0,0,0,0,0,0,"151014"
"160",0,0,0,0,0,0,548.543011417386,0,0,0,0,735.223154104233,879129.498413081,37504.8132999844,0,0.819358583074063,0,0,61.9357705911389,0,0,"070106"
"161",0,0,0,0,0,0,0,0,0,0,0,0,183619.378223342,867.947215680033,0,0,0,0,6.61940860748291,0,0,"070104"
"162",0,0,0,0,0,0,0,0,0,0,0,7.28137588500977,123645.929973778,781.149106025696,0,0,0,0,0,0,0,"070103"
"163",6.45403301576152,0,0,0,0,0,139.591166372635,0,0,0,0,1323.84710379587,1308732.14873516,13525.6381379778,0,0,0,0,502.463209848793,0,0,"070101"
"164",0,0,0,0,0,0,0,0,0,0,0,231.845646858215,223615.73591203,0,0,0,0,0,0,0,0,"070102"
"165",27.5972601880203,0,0,0,0,0,0,0,0,0,0,119.505165133629,9970.06004444067,909.84116114106,0,0,0,0,148.535891706124,0,0,"070105"
"166",0,0,0,0,0,0,0,0,0,0,0,34364.1590315027,52934.1207901295,4954.20932544974,0,0,0,0,0,0,0,"110210"
"167",0,0,0,0,0,0,0,0,0,0,0,29263.4821790228,147201.085469453,27744.7473763448,0,0.0133180543780327,0,0,0,0,0,"110201"
"168",0,0,0,0,0,0,0,0,0,0,0,7527.60220665966,135597.495034739,19592.6561116159,0,9.09088451218898e-13,0,0,0,0,0,"110207"
"169",0.373365342617035,0,0,0,0,0,0,0,5.61912766750688e-13,0,0,89.5975216156861,149260.558411024,7896.05595157501,0,0,0,0,19.4256002432667,0,0,"150102"
"170",0,0,0,0,0,0,0,0,0,0,0,4149.08482371841,1643634.41106313,73693.6345667046,0,49.8325256236421,0,0,53.1882486996766,0,0,"150103"
"171",0,0,0,0,0,0,0,0,0,0,0,3477.6883170395,112889.254402862,7258.81602554432,0,0,0,0,64.4186851420788,0,0,"150107"
"172",0,0,0,0,0,0,0,0,45.9805444411378,0,0,13122.3793442673,902591.609671593,21777.8837672299,0,3.73580529371975,0,0,0,0,0,"150125"
"173",0,0,0,0,0,0,0,0,0,0,0,801.752104938147,1042995.10231648,2593.0682650182,0,0,0,0,90.3210195629508,0,0,"150133"
"174",0,0,0,0,0,0,0,0,0,0,0,18148.1288091421,955416.492253132,4453.50026163698,0,0,0,0,0,0,0,"150140"
"175",0,0,0,0,0,0,0,0,0,0,0,620.599468416469,1164819.66977675,3890.24183112254,0,0,0,0,8.8842389447384,0,0,"150142"
"176",0,0,0,0,0,0,0,0,464.514936392411,0,0,633.960113744743,1088345.39908153,30324.1997726303,0,5.94982109827106,0,0,45.4501794110984,0,0,"150143"
"177",0,0,0,0,0,0,0,0,0,0,0,2889.06031764978,1925144.45474907,15264.9053146869,0,0,0,0,11.6150583028793,0,0,"150135"
"178",0,0,0,0,0,0,0,0,7.8884537022923,0,0,4366.20548473583,1493859.64505446,29097.3615304066,0,0,0,0,0,0,0,"150110"
"179",0,0,0,0,0,0,0,0,0,0,0,893.637532233512,535744.029473282,51630.0707468148,0,0,0,0,33.3481311687538,0,0,"150111"
"180",0,0,0,0,0,0,0,0,0,0,0,17017.6370947429,392967.335112817,7849.16626092014,0,0,0,0,240.201153537259,0,0,"150114"
"181",0,0,0,0,0,0,0,0,0,0,0,2734.95965039113,961866.722867704,7676.8383663104,0,0,0,0,0,0,0,"150117"
"182",0,87.5991436846107,0,0,0,0,0,0.88627964258194,83.6325805354878,0,0,1272.62772019602,575.095948457718,60.0543842315674,0,0,0,0,0,0,0,"060104"
"183",0,0,0,0,0,0,0,0,0,0,0,2844.10457347757,53096.0935054125,5251.56789294145,0,0,0,0,0.138087037868445,0,0,"021101"
"184",0,0,0,0,0,0,0,0,0,0,0,162.837490666489,2967.60590247437,964.161042037145,0,0,0,0,0.952956676483154,0,0,"021103"
"185",0,0,0,0,0,0,0,0,1.77650062320754,0,0,91.7478680284682,203.89246979414,19.2770797219127,0,0,0,0,0,0,0,"021104"
"186",0,68.2891219383862,0,0,0,0,0,0,0,0,0,958.415766260218,2964.26888281479,184.85412311554,0,0,0,0,0.0746625170577317,0,0,"120603"
"187",0,11.7079482062753,0,0,0,0,0,0,0,0,0,111.880401487536,634.281409794465,39.914559725672,0,0,0,0,11.3095153404865,0,0,"120605"
"188",0,337.095945042545,0,0,0,0,0,0,3.15191015648475e-13,0,0,2151.61640955613,50238.6924695684,1660.33254402945,0,0,0,0,26.3426329420133,0,0,"120606"
"189",0,76.9094238469036,0,0,0,0,0,0,0,0,0,204.794669379673,818.970524245582,50.5674234890321,0,0,0,0,4.04179386142641,0,0,"120602"
"190",0,221.591980959743,0,0,0,0,0,0.000366297812433913,0.022546524705831,0,0,2408.49421899309,70875.1517799641,1221.21736057697,0,0,0,0,191.455781542791,0,0,"120601"
"191",0,270.011260159314,0,0,0,0,0,0,0,0,0,3500.27177413581,10896.0812778163,1106.07955214335,0,0,0,0,0,0,0,"120607"
"192",0,35.8526115507987,0,0,0,0,0,0,0,0,0,162.325549468469,703.030034755822,114.69604672672,0,0,0,0,92.2340365918618,0,0,"120306"
"193",0,1072.03889806903,0,0,0,0,0,0,6.06170643576912,0,0,2642.83917677254,53197.4025525569,1580.12748187544,0,0,0,0,1413.22534089683,0,0,"120305"
"194",0,0,0,0,0,0,0,0,0,0,0,11885.0378434025,80652.5659161252,16173.3058685795,0,0,0,0,0,0,0,"150507"
"195",0,0,0,0,0,0,0,0,0,0,0,9236.96636371762,65007.136617171,13243.8920984362,0,0,0,0,0.288396986026806,0,0,"150509"
"196",0,0,0,0,0,0,0,0,0,0,82.6101288775688,1619.72870677409,29786.5512643661,8502.54978008377,0,0,0,0,0,0,0,"150512"
"197",0,0,0,0,0,0,0,0,0,0,44.0020913276821,1800.04394073005,2057.12303577363,2477.92116329061,0,0,0,0,0,0,0,"150515"
"198",0,0,0,0,0,0,0,0,0,0,0,27490.2790071004,216852.420847683,19280.8472728986,0,0,0,0,0,0,0,"150601"
"199",3.7093213400949,0,0,0,0,0,0.46000070986338,0,0,0,0,11413.1077007643,120829.655354729,17084.0843121964,0,0,0,0,60.1410306347534,0,0,"150605"
"200",0,0,0,0,0,4.2910349256199,0,0,0,0,0,163.882651374304,613.503884558568,3.79673337936401,0,0,0,0,0,0,0,"150709"
"201",0,0,0,0,0,0,0,0,34.7778998265567,0,0,9368.62413060283,901710.825120289,16451.291598547,0,129.355799746794,0,0,6.8687437698245,0,0,"150106"
"202",0,0,0,0,0,0,0,0,0,0,0,12513.0432881643,66100.9645840293,11159.5913570618,0,0,0,0,0,0,0,"150109"
"203",0.00237062945968852,0,0,0,0,0,0,0,0,0,0,16431.2601959407,231284.964659016,7244.00745443121,0,0,0,0,4.84107526709131,0,0,"150119"
"204",0,0,0,0,0,0,0,0,0,0,0,11733.6090901111,267115.31972606,18435.8908110853,0,0,0,0,0,0,0,"150123"
"205",25.2054130937904,0,0,0,0,0,0,0,0,0,0,0,16319.3892528613,9408.89800619286,0,0,0,0,39.3924544161148,0,0,"150124"
"206",2.09511518478394,0,0,0,0,0,0,0,46.6466423516516,0,20.7918399807987,902.029174810946,23395.8968722634,14084.3949907438,0,0,0,0,13.0503625571831,0,0,"150126"
"207",0.00216250156518072,0,0,0,0,0,0,0,0,0,0,25.1577307716953,11579.2290574344,5738.29915423922,0,0,0,0,0.395666638971847,0,0,"150127"
"208",0,0,513.895751233096,0,0,0,0,0,0,0,0,5414.8887646788,61077.7965734315,7749.39942959183,0,0,0,0,0,0,0,"110301"
"209",0,0,260.314468756324,0,0,0,0,0,0,0,0,881.72968845043,0,973.364227574201,0,0,0,0,0,0,0,"110302"
"210",0,0,330.876329453808,0,0,0,0,0,0,0,0,853.229947455113,2700.18984571463,1616.37295279752,0,0,0,0,0,0,0,"110303"
"211",5.86920499801636,0,0,0,0,0,0,0,0,0,0,0,17287.3016291782,16561.8363739406,0,393.781117893523,0,0,0,0,0,"110304"
"212",0,0,68.5343662137194,0,0,0,0,0,0,0,0,543.396527102803,43727.7090301567,3325.25302104809,0,0,0,0,0,0,0,"110305"
"213",0,0,330.47211669694,0,0,0,0,0,0,0,0,5545.5801147977,10031.3048180491,4064.73991660814,0,0,0,0,0,0,0,"110401"
"214",0,0,8.71254168078303,0,0,0,0,0,0,0,0,147.124342592275,0,3011.36067636686,0,0,0,0,0,0,0,"110402"
"215",0,0,16.2175720930099,0,0,0,0,0,0,0,0,378.828351025209,1952.26875889301,1264.88380110353,0,0,0,0,0,0,0,"110403"
"216",0.262292960618655,0,0,0,0,0,211.923281535985,0,0,0,0,6996.17040741715,170360.040368,2453.27726392187,0,0,0,0,26.628460918414,0,0,"110501"
"217",0,0,25.9517096066847,0,0,0,0,0,0,0,0,22.2427239973049,384.10840395838,271.748632513078,0,0,0,0,0,0,0,"110404"
"218",0,0,0,0,0,0,0,0,0,0,4064.86813799301,6283.06955888644,79540.2931077621,11151.8783170144,0,0,0,0,0,0,0,"110102"
"219",0,0,0,0,0,0,0,0,0,0,43.4019500453789,15586.8220623961,18180.6767055468,6456.89977635023,0,0,0,0,0,0,0,"110103"
"220",0,0,0,0,0,0,0,0,0,0,0,813.09130021816,2413.11747330744,2291.83926845934,0,0,0,0,0,0,0,"110104"
"221",0,0,0,0,0,0,0,0,0,0,454.011053782441,4539.40275691253,13439.8581750393,1671.78785537347,0,0,0,0,0,0,0,"110105"
"222",0,0,0,0,0,0,0,0,0.914135575294495,0,663.55852968915,7906.36306207653,140400.738853258,17745.8497401782,0,0,0,0,0,0,0,"110106"
"223",0,0,0,0,0,0,0,0,0,0,3806.01068068766,6224.88413552187,29707.0636943779,1839.49507531757,0,0,0,0,0,0,0,"110110"
"224",0,0,0,0,0,0,0,0,0,0,6903.24007648578,14377.9835307694,31053.3315275404,5812.75656560103,0,0,0,0,0,0,0,"110111"
"225",0,55.0789135855158,0,0,0,0,0,0,1.55415499210358,0,0,1540.13338293138,39700.4998960935,392.431557780044,0,0,0,0,31.8102620262871,0,0,"080910"
"226",0,295.045816352298,0,0,0,0,0,0,125.013888472532,0.0822799475867067,0,939.50981409891,55278.464368692,404.272633205084,0,0,0,0,228.243468783929,0,0,"080901"
"227",0,31.852189030169,0,0,9.70095491622851,0,0,0,0,0,254.548631499425,55.8623938299716,0,817.145336908965,0,0,0,0,9.48500449236627,0,0,"080914"
"228",0,209.643921779793,0,0,0,0,0,0,3.15614894311883,0,0,75.2531324310405,1898.99640112464,39.0843042202179,0,0,0,0,26.1481517092921,0,0,"080904"
"229",0,0.361228486363874,0,0,0,0,0,0,28.9470328893316,0,0,579.497393885947,4793.25539835668,87.0967676782298,0,0,0,0,67.5821458202803,0,0,"080906"
"230",0,203.940916788875,0,0,0,0,0,0,53.7617435503344,0,0,565.100078744911,5935.79184069484,185.53942667973,0,0,0,0,0.00347587093759787,0,0,"080408"
"231",0,446.683206361738,0,0,0,0,0,0,261.555110817296,0,0,1255.09166842969,23021.8721108809,596.689983342556,0,0,0,0,582.096041629597,0,0,"080907"
"232",0,34.0182554648013,0,0,0,0,0,0,9.45504742682763,0,0,429.973636076069,3819.53007363514,32.3704870545339,0,0,0,0,2.39512536628273,0,0,"080908"
"233",0,1814.92621871234,0,0,0,0,0,11.8183174133301,0.0279301591225647,0,0,1086.10426983783,9527.89478892133,900.164733886842,0,0,0,0,33.0062101483383,0,0,"081304"
"234",0,9.40217674723162,0,0,0,0,0,0,0.784586324474201,0,0,418.70078810624,3934.17621587057,169.688106060028,0,0,0,0,96.4431013321455,0,0,"050502"
"235",0,0,0,0,0,0,0,0,0,0,218.180898455703,1600.95619455047,13538.7919035066,1634.22888683715,0,0,0,0,0,0,0,"110202"
"236",0,0,0,0,0,0,0,0,0,0,0,14875.0063876853,11708.8642583322,2844.38013264979,0,0,0,0,0,0,0,"110204"
"237",0,0,0,0,0,0,0,0,0,0,0,12479.4478790991,10224.4313517213,781.734393299346,0,0,0,0,0,0,0,"110205"
"238",0,0,0,0,0,0,0,0,0,0,0,22871.624883201,42112.6864398311,7647.71133801322,0,0,0,0,0,0,0,"110206"
"239",0,0,0,0,0,0,22.4203974306583,0,0,0,0,2450.97149563935,7070.56426005654,812.310776891766,0,0,0,0,0.963673456106335,0,0,"110211"
"240",0,34.7506255498036,0,0,0,1155.80856822884,0,38.7054533578048,506.492754927212,0,0,21213.817288804,324457.07410865,727.911998701496,0,0,0,0,3.53337014620273e-17,0,0,"120101"
"241",11.9359178394085,0,0,0,0,0,0,0,0,0,0,264.971889019012,38763.9676552564,5812.4743571639,0,0,0,0,0,0,0,"021803"
"242",4.40024156593473e-14,0.482088012620807,0,0,1.12052991986275,0,0,0,0,0,150.149246216286,4.40075433254242,0,489.332619344816,0,0,0,0,69.2483783172813,0,0,"160802"
"243",0,44.4598696030891,1.71247128517773e-15,0,0,0,0,9.51096712704861,0,295.900213770038,1254.72257316155,0,4465.12310407939,29.3965497944737,0,0,0,0,9.30909363552928,0,0,"010703"
"244",0,65.4431346863429,0,0,0,0,0,110.087097153071,0.915211409330368,0,4517.70620351877,0,14210.7639146144,327.562042157166,0,0,0,0,56.0165168925286,0,0,"010702"
"245",0,26.9188576371603,0,0,0,0,0,0,0,0,0,2146.47464422411,5800.70952300176,792.0241264146,0,0,0,0,742.470011345819,0,0,"010401"
"246",0,0,10.035917264875,0,0,0,0,0,0,0,320.552028162871,0,316.692978739738,9.68309128284454,0,0,0,0,13.8216490987688,0,0,"010103"
"247",0,42.6238901539546,0,0,0,0,0,5223.18543197012,1648.0370903679,7456.94710426836,0,0,66410.1208735764,7596.98389779124,0,0,0,0,0,0,0,"010101"
"248",0,238.610450330815,0,0,0,0,0,0,0,944.301426940273,2517.18388060155,609.623636540388,28636.4083160452,246.854498731111,0,0,0,0,30.07441395762,0,0.680395521223545,"221005"
"249",0,200.102861920664,0,0,0,0,0,0,0,0,1183.50970775388,1097.25907576131,10218.6333176648,402.389991323929,0,0,0,0,51.4216563794536,0,0,"221002"
"250",0,3.57994131185114,0,0,0,0,0,0,0,0,1366.36104452077,363.810775382367,48543.7986263605,46.1853947175405,0,0,0,0,31.891463077962,0,555.191867338555,"221001"
"251",0,43.745163300151,3.18749797344208,0,0,0,0,0,0,89.0646918326061,872.225583330421,632.59184275792,5952.83459676505,144.809510141145,0,0,0,0,21.1697250851807,0,181.141885806739,"221003"
"252",0,0,0,0,0,0,0,0,0,0,178.808895007533,1120.31705597989,9175.51876511158,122.231999660144,0,0,0,0,174.092225623173,0,0,"220602"
"253",0,0,0,0,0,0,0,0,0,0,316.571719810819,416.962943693552,2593.05668509763,6.65634368860647,0,0,0,0,0,0,0,"220605"
"254",0,6.78405446420861,0,0,0,0,0,0,0,0,1378.17469173029,1917.52093150213,75384.0412195097,576.327524684253,0,0,0,0,826.496723759301,0,0,"220601"
"255",0,0.138639718527086,0,0,0,0,0,0,0,0,338.134166508708,182.003765736821,1948.70415831602,13.3376884364989,0,0,0,0,0,0,0,"220204"
"256",0,0,6.68449969775984,0,0,0,0,0,0,0,526.605093265866,152.075984420842,5228.43380738122,24.9854591377079,0,0,0,0,10.4960124846523,0,0,"220203"
"257",0,0,0,0,0,0,0,0,0,0,429.666254160135,617.954536915537,1894.99516550655,65.0223288272838,0,0,0,0,0,0,0,"220405"
"258",0,3.62925431595071,0.00105990312299753,0,0,0,0,0,0,0,7.68295468826549,84.3994416924361,1546.68251001366,5.10106114133123,0,0,0,0,73.5001631132934,0,0,"220406"
"259",0,8.05530377296964,0,0,0,0,0,0,0,0,1477.80784035929,142.049308195798,12209.8100347307,17.30041202344,0,0,0,0,1.36314913327806,0,0,"220206"
"260",0,0,0,0,0,0,0,0,0,0,139.86654858329,187.018911902266,2509.24240021818,2.03186567127705,0,0,0,0,0.948179572122172,0,0,"220403"
"261",0,1.18980883917109,0,0,0,0,0,0,0,0,334.987313083957,495.629036388036,5257.23526140414,45.249351978302,0,0,0,0,51.0639908573936,0,0,"220404"
"262",0,0,0,0,0,0,0,0,0,0,495.842405315442,40.1525124552882,7459.72903790621,8.85960747674108,0,0,0,0,69.8274134504609,0,0,"220707"
"263",0,5.69250119198114,11.6805272151687,0,0,0,0,0,0,0,1445.60281551249,2001.25279893871,37177.5267383744,962.680294085748,0,0,0,0,77.3908453678527,0,0,"220201"
"264",0,22.1114931497723,0,0,0,0,0,0,0,0,523.802303635248,1508.45661668056,3908.4356908198,415.804388773628,0,0,0,0,52.6621222570547,0,0,"220708"
"265",0,3.27099187435064e-05,0,0,0,0,0,0,0,12.5626886138927,680.081900294279,317.088026930624,4228.44418156697,48.0266962009428,0,0,0,0,0.547338951379061,0,0,"220709"
"266",0,1.96716529357832,19.8058363149175,0,0,0,0,0,0,0.775062501430735,343.378172031973,293.712881273498,24525.1367863703,33.0612231696223,0,0,0,0,97.7634772666511,0,0,"220701"
"267",0,0,108.71033874016,0,0,0,0,0,3562.85943892667,0,0,2192.8796505199,0,1885.77930259705,0,0,0,0,0,0,0,"060109"
"268",0,0,0,0,0,312.330605649346,0,182.959024826362,131.822608500478,0,0,15027.7056929663,36856.8223046582,317.16153556254,0,0,0,0,0,0,0,"060201"
"269",0,0,0,0,0,0,0,0,0,0,0,0,0,0,0,0,0,0,0,0,0,"060311"
"270",0,4.2937911908844,0,0,0,107.369670709973,0,5.32741726552997,629.536135228759,0,0,2175.49730356892,5082.29880231619,785.924848045688,0,0,0,0,0,0,0,"060501"
"271",0,0,153.853609987569,0,0,0,0,0,318.188902051118,0,0,274.711373790029,4167.79758940637,392.086683329314,0,0,0,0,0,0,0,"060502"
"272",0,0.006004324182868,8.77808018028736,0,0,0,0,0,106.14806451009,0,0,212.844456506537,1619.0545898342,47.7810000232892,0,0,0,0,0,0,0,"060507"
"273",0,0,496.845600534519,0,0,0,0,0,315.912740909262,0,0,1358.05026094431,8311.35128546692,602.926006991107,0,31.2340691214195,0,0,6.50962891650916,0,0,"060508"
"274",0,15.6888152658939,405.656506481116,0,0,0,0,0,306.618127968162,0,0,4405.22761918799,6189.94076752663,536.064825415611,0,0,0,0,6.88830301165613,0,0,"061101"
"275",0,0,23.92535087001,0,0,0,0,0,107.207128047943,0,0,913.453916589957,0,217.15909075737,0,0,0,0,0,0,0,"061106"
"276",0,0,388.461584932525,0,0,0,0,0,0,0,0,140.845930661594,0,0,0,0,0,0,0,0,0,"061108"
"277",0,0,21.1464388522591,0,0,0,0,0,120.456263265594,0,0,163.97966181131,0,0.0974429622320878,0,0,0,0,0,0,0,"061202"
"278",0,13.5449204370379,0,0,0,294.988176314536,0,323.446430806218,257.068892316531,0,0,335.639718459343,443.216247320175,27.436306476593,0,0,0,0,0,0,0,"130908"
"279",0,0,0,0,0,0,16.9245417175407,0,0,0,2.04941371701716,15589.0343327528,37030.3600340646,6526.97061215746,0,0,0,0,5.52084112958983,0,0,"130107"
"280",0,1.90758862812072,27.795581817627,0,0,0,0,3.46554636955261,0,0,0,1966.49150804233,1192.94967746735,35.3426260963415,0,0,0,0,0,0,0,"130108"
"281",0,0,36.8654937744141,0,0,0,0,0,0,0,1759.23669309403,37398.313850777,859700.15093123,8341.90414177164,0,0,0,0,0.00120225869159185,0,0,"130101"
"282",0.0423025562195107,0,36.4311490058899,0,0,0,12.1164865493775,0,0,0,67.859005212668,9169.75203137054,169038.334319588,27530.141486036,0,53.815028361161,0,0,46.2828175743475,0,0,"130104"
"283",1.49007661640644,0,0,0,0,0,197.884696608681,0,0,0,244.49818069816,308.446034688128,85744.6119892477,3821.56206171402,0,0,0,0,0,0,0,"130109"
"284",0,0,23.4587039297913,0,0,0,0,0,0.674054782517487,0,0,1120.67299474489,685.047751314485,282.087646784077,0,0,0,0,0,0,0,"130110"
"285",67.4189250469208,0,0,0,0,0,85.4934201496653,0,0,0,21.4149221848202,22167.6795225308,169867.654700044,6724.52659025878,0,0,0,0,26.6817402602097,0,0,"130111"
"286",0,0,0,0,0,0,0,0,0,0,34.6140815163977,2889.22162928977,12305.7049053605,725.110057178012,0,0,0,0,0,0,0,"130201"
"287",0,0,3.85346907988985,0,0,0,0,0,0,0,819.938403864414,3240.65144858874,33776.2661531445,1429.06015330334,0,0,0,0,0,0,0,"130202"
"288",0,0,0,0,0,0,0,0,0,0,1527.68777752538,2989.75757818056,16363.3661594542,654.518968479999,0,0,0,0,0,0,0,"130203"
"289",0,0,0,0,0,0,0,0,0,0,941.47568611019,1095.86597367096,2946.35050305072,190.951013445854,0,0,0,0,0,0,0,"130204"
"290",0,0,0,0,0,0,0,0,0,0,511.261011381098,10177.1040845747,53636.819510386,3553.09695407814,0,0,0,0,0,0,0,"130205"
"291",0,0,0,0,0,0,0,0,0,0,0,1129.25480601932,10802.2680890181,4111.94904065725,0,0,0,0,0.829093740321696,0,0,"130206"
"292",0,172.085922878064,0,0,0,19.0895170387885,0,33.025081275613,168.234350399545,0,0,1054.19760039264,2424.22696149349,49.4557448923588,0,0,0,0,0,0,0,"130301"
"293",0,185.817587123463,0,0,0,88.2579857581295,0,598.732080988884,530.634984401955,0,0,6645.72827759853,27649.1944223629,1365.48747598535,0,0,0,0,0,0,0,"130601"
"294",0,0,0,0,0,0.000588093642818421,0,19.922667813953,0,0,0,707.355832633804,439.422898458921,0,0,0,0,0,0,0,0,"130608"
"295",0,0.394696496427059,0,0,0,0,0,17.6985073965048,119.231619944643,0,0,3192.29676316394,9474.87364041805,224.913769960403,0,0,0,0,0,0,0,"131101"
"296",0,0.010909080507612,0,0,0,0,0,5.37021897733213,14.7853351970143,0,0,227.050079407065,346.553129892796,9.78553453087807,0,0,0,0,0,0,0,"131103"
"297",0,0,95.8587496690452,0,0,0,0.391303911805153,0,0,0,413.861420387653,29900.2764846124,80277.5359146526,8085.58207472973,0,0,0,0,70.7688431315533,0,0,"131201"
"298",0,711.429978798018,127.43905043602,0,0,0,0,10.8479854834732,0,0,3821.15217177586,0,4680.52277380228,719.268268555403,0,0,0,0,0,0,0,"010706"
"299",0,83.2362761422083,0,0,0,0,0,0.131611190736294,27.795206785202,79.9194943528084,76.1048919826312,0,213.084562696517,5.68200492859115,0,0,0,0,0,0,0,"010309"
"300",0,518.425976891771,53.6916136741638,0,0,0,0,362.054588226835,0.0877672657370567,427.980078217905,5125.15761684323,0,8749.75179260969,503.999184480868,0,0,0,0,310.922465994023,0,0,"010307"
"301",0,0,37.7024181853103,0,0,0,0,30.5021200180054,40.5914130103782,0,1009.54755369784,0,3558.12938830674,919.643525772704,0,0,0,0,22.4081523204912,0,0,"010704"
"302",0,0,0,0,0,0,0,0,0,0,441.565293785992,0,958.634513497353,26.6718829218322,0,0,0,0,0,0,0,"010204"
"303",0,28.5733880212938,229.699511977729,0,0,0,0,0,0,0,4130.12939621858,0,59176.5746045116,2844.5244839896,0,0,0,0,103.991416782152,0,0,"010201"
"304",0,0,0,0,0,0,0,15.8605696756276,0,0,2283.33030619768,0,8092.40614391118,120.392152875662,0,0,0,0,0,0,0,"010206"
"305",0,268.971499349583,38.0937843322754,0,0,0,0,0,0,0,2044.62928554115,914.922293565472,3186.13672041707,406.292679995298,0,0,0,0,197.88520773053,0,0,"010202"
"306",0,125.541244760936,0,0,0,0,0,0,0,0,0,3383.51814075227,6291.10428666661,2486.03715577742,0,0,0,0,530.892702643742,0,0,"010205"
"307",0,13.4537239689384,0,0,0,0,0,0,0,0,0,494.65665486291,1840.88997461135,425.263872435316,0,0,0,0,126.324338983214,0,0,"010402"
"308",0,64.3272764165895,0,0,0,0,0,0,0,0,0,2447.6109944649,1991.1232311615,434.176364259794,0,0,0,0,324.617648855371,0,0,"010403"
"309",0,36.6657666435276,0,0,2.06672474815407e-13,0,17.4542953982284,0,0,0,1644.25647851098,32.8259565345945,4473.14414764941,624.818076829407,0,0,0,0,134.174969897599,0,0,"160504"
"310",0,3.36524434830065,0,0,1.17853896476299,0,2372.62384444077,0,0,0,1154.95219413164,41.8512879014167,5231.63081641105,295.094802881926,0,0,0,0,766.690676525148,0,0,"160505"
"311",0,0,0,0,0,0,0,0,0,33.9495411798343,0,1593.14057836271,433384.869182929,3176.55636620555,0,211.456812664866,0,0,816.105129724312,0,0,"160101"
"312",0,0.160944687784889,0,0,4.0822954864588,0,0,0,0,0,0,303.925189234158,1134.39755553007,432.48395911837,0,0,0,0,70.5015664214734,0,0,"160102"
"313",0,6.64433393883519,0,0,2.1875608053524,0,0,0,0,0,933.548806659894,462.868185780797,14503.349114952,165.495187245309,0,0,0,0,65.2528249867775,0,0,"160103"
"314",0,20.9644772820175,0,0,0,0,76.8284374270588,0,0,0,1295.54520343591,11.2191955149188,3689.50986650638,916.174942829181,0,0,0,0,956.4021421293,0,0,"160305"
"315",0,0.0885499250143766,0,0,2.12793945768499,0,58.4889266267419,0,0,9.1723226904529,1834.7211217006,97.4096376972448,27658.6425042673,430.051078980444,0,0,0,0,496.314379107229,0,0,"160401"
"316",0,5.12306123971939,0,0,0,0,0,0,0,0,1039.96958394025,3.19791895360686,9348.45102104207,85.1400438547134,0,0,0,0,304.614712812762,0,0,"160402"
"317",0,3.95945405960083,0,0,1.05529399216175,0,0.000211447375477292,0,0,0,114.50920616393,18.6796562373849,3642.32289469215,473.736863460974,0,0,0,0,128.007630856072,0,0,"160403"
"318",0,12.5817601084709,0,0,95.57451143465,0,0,0,0,0,360.40338172192,152.546637196138,7207.59801317368,595.268263757753,0,0,0,0,190.565303802496,0,0,"160404"
"319",0,385.905755393964,0,0,27.3469542562967,0,1312.63920898026,0,0,0,2176.64533283201,284.332028890378,59002.4601975116,2668.74041081873,0,0,0,0,356.054804343676,0,0,"160501"
"320",0,27.3537838386837,0,0,0.0900530744549695,0,36.5832599756687,0,0,0,626.055544960474,70.894233558327,8149.74832713875,327.123519569694,0,0,0,0,148.762255353968,0,0,"160510"
"321",0,63.0860726327883,0,0,56.787428787711,0,0,0,0,0,656.779446465494,44.8090947433666,364.898392600939,470.038770692026,0,0,0,0,19.9927716497332,0,0,"160511"
"322",0,118.098714091444,0,0,13.337036824522,0,713.150504510093,0,0,0.0385227613151073,1001.15598523075,67.8330618980582,8493.49162396281,525.478724041928,0,0,0,0,235.977663724376,0,0,"160605"
"323",0,12.0579189362696,0,0,0.295183345675468,0,176.982324002864,0,0,0,418.328999473408,114.523354196936,13309.1528322702,873.107547612305,0,0,0,0,84.7807126061671,0,0,"160606"
"324",0,42.8416357471078,0,0,10.0669898695778,0,928.002037300615,0,0,0,382.655790815787,12.2848616857827,21298.4815071482,76.1016998737468,0,0,0,0,357.827781285436,0,0,"160701"
"325",0,343.424029721326,0,0,306.02478860628,0,0,0,0,0,0,1024.79316835882,4416.52892360796,708.154801544818,0,0,0,0,470.813379289267,0,0,"160703"
"326",0,14.0328100386832,0,0,227.438708805421,0,307.314347105101,0,0,0,566.821855798655,23.8533218886296,2663.50354060077,482.7745343516,0,0,0,0,294.709767534118,0,0,"160704"
"327",0,156.012595826888,0,0,385.972168305534,0,1073.49815867861,0,0,0,528.863466643559,105.095237382684,2344.0576495243,173.700466673006,0,0,0,0,153.643043920258,0,0,"160705"
"328",0,19.2308696666732,0,0,0,0,0,0,0,0,940.139958397776,2320.8053170684,9432.77514016628,298.381795716184,0,0,0,0,20.691929153245,0,0,"220603"
"329",0,12.5981577672447,0,0,0,0,0,0,0,0,403.396489392675,2458.77302116525,5424.56301055543,125.508604942937,0,0,0,0,46.8950061725001,0,0,"220604"
"330",0,17.9142911486298,4.2991218145498,0,0,0,0,0,0,0,1289.18682008098,1666.17447053997,19365.2372519742,299.240756519139,0,0,0,0,196.104327431621,0,0,"220401"
"331",0,185.590150855343,0,0,0,0,0,0,0,0,52.7681633519242,849.377857454829,2045.68699620551,126.557095769851,0,0,0,0,2.00801838934422,0,0,"220912"
"332",0,23.0824858892359,0,0,0,0,0,0,0,0,0,163.536748035976,2641.4038227222,49.5458165334568,0,0,0,0,0.00459703453225302,0,0,"220103"
"333",0,1.10601554438472,3.64780196925567,0,0,0,0,0,0,1.86060730852478,146.878323603442,72.0639635586668,5554.10617475729,6.04086866974831,0,0,0,0,2.72247303261884,0,0,"220705"
"334",0,6.24309528421158,0,0,0,0,0,0,0,0,591.849702757945,2691.35043625819,9368.58952397333,400.809842513511,0,0,0,0,34.0687851249752,0,0,"220205"
"335",0,0,10.266740874642,0,0,0,0,0,0,107.35220416006,188.823382850032,3.06942311686346,1596.8943736533,25.5695254745796,0,0,0,0,0,0,0,"220704"
"336",0,16.2695074062795,9.1514308154583,0,0,0,0,0,0,0,243.380219792012,1419.35627934011,3546.81992662142,134.024114684042,0,0,0,0,0.0566032704082318,0,0,"220304"
"337",0,185.860889677599,0,0,0,0,0,0,0,1985.55749953802,1489.71485346757,484.973714509619,10656.5888221506,454.440163686872,0,0,0,0,32.3994152392873,0,0,"220913"
"338",0,42.9265588228591,0,0,0,0,0,0,0,0,129.639474465628,69.9781479549605,962.011423664866,6.3164439201355,0,0,0,0,5.55520169137162,0,0,"220902"
"339",0,4.27114939404419,0,0,0,0,0,0,0,0,243.01286500103,490.147749216706,2602.90365744787,54.8888143971562,0,0,0,0,5.17872773716226,0,0,"220302"
"340",0,10.3347195803656,0,0,0,0,0,0,0,0,1103.95971453647,8017.83467301218,17777.3750973849,1901.94824354339,0,0,0,0,213.000553281961,0,0,"220301"
"341",0,0,0,0,0,0,0,0,0,0,311.996534907329,705.822698743829,9320.14666464169,119.17242433876,0,0,0,0,1.33753197654423,0,0,"220908"
"342",0,30.8111013336148,0,0,0,0,0,0,0,0,663.701391492316,866.915413736275,2734.45091162667,98.031209856199,0,0,0,0,14.7392486154677,0,0,"220511"
"343",0,0.028647480532527,0,0,0,0,0,0,0,0,264.70244014618,779.684491422993,2367.23099589534,167.30945202522,0,0,0,0,12.2877141890858,0,0,"220305"
"344",0,42.894734815065,0.751529716595542,0,0,0,0,0,0,0,1025.09616476125,1489.51193165251,6338.10215130413,327.554848887339,0,0,0,0,54.9332238320683,0,0,"220914"
"345",0,0.00520681496709585,0.00118298700545087,0,0,0,0,0,0,0,401.623853146903,771.432774729884,3793.02455425878,194.422552600619,0,0,0,0,50.1990673291145,0,0,"220505"
"346",0,64.2605441786495,29.4555583000183,0,0,0,0,0,0,0,771.475163907828,1496.403558687,10076.0891818605,463.580515654699,0,0,0,0,125.990507526429,0,0,"220904"
"347",0,20.9680653274125,0,0,0,0,0,0,0,0,237.836428794887,2065.7048610743,4296.5270001879,253.563741723106,0,0,0,0,64.4753150228224,0,0,"220402"
"348",0,344.158867864337,0.386639982461929,0,0,0,0,0,0,0,1429.7396107601,7629.06274206775,100214.077875085,1278.08446071203,0,0,0,0,4.1031072891783,0,0,"220909"
"349",0,303.105142736343,39.0962833477824,0,0,0,0,0,0,0,895.424446847542,2489.44104879738,75233.8634341777,311.622878676588,0,0,0,0,188.419396125013,0,0,"220910"
"350",0,5.94051194563508,0,0,0,0,0,0,0,0,469.484102187073,1861.89751795431,4648.8126344718,330.614181250625,0,0,0,0,77.9278650196648,0,0,"220303"
"351",0,555.56652618085,9.41842580027878,0,0,0,0,0,0,0,2596.40469901421,5213.14756043108,216271.003353314,803.116635495611,0,0,0,0,45.9025863382958,0,0,"220901"
"352",0,1.3583911601454,0,0,0,0,0,0,0,0,142.330917762733,1868.16047663571,11046.727399864,372.840717056766,0,0,0,0,0,0,0,"220903"
"353",0,1687.18788951365,27.5881974474178,0,0,0,0,0,0.00523496279492974,0,251.319577868242,4630.55635598679,27715.3990604697,897.386827430804,0,0,0,0,92.2472708972164,0,0,"220501"
"354",0,27.9612704802159,0,0,0,0,0,0,0,0,203.664192018845,742.816341732048,1806.43546394458,78.8218422444771,0,0,0,0,5.79004986249129,0,0,"220507"
"355",0,37.2703273756115,3.7821756079793,0,0,0,0,0,0,0,210.944320530005,570.734964123255,1356.99660980701,214.614972710609,0,0,0,0,21.6495198135414,0,0,"220509"
"356",0,25.6895323156799,0,0,0,0,0,0,0,0,0,1156.32475882153,4879.85908638817,513.062067489285,0,0,0,0,33.6375264408124,0,0,"220907"
"357",0,502.628386963652,0,0,0,0,0,0,0,0,492.061618439853,5549.94639627517,20593.4045691714,578.200560334139,0,0,0,0,191.97524755856,0,0,"220510"
"358",0,179.522721541453,0,0,0,0,0,0,0,0,842.833369596891,3096.2945034049,11201.8369319201,912.704704018019,0,0,0,0,9.30378820859779e-14,0,0,"220502"
"359",0,0.000313896403905224,0,0,0,0,0,0,0,0,0,514.319179176039,3097.12153148692,322.522916632518,0,0,0,0,161.793122022529,0,0,"220905"
"360",0,137.902166855126,0,0,0,0,0,0,0,0,0,1943.8408751991,9328.57790822708,967.005546006243,0,0,0,0,241.900629105454,0,228.921248719847,"220504"
"361",0,0.529876146098104,0,0,0,0,0,0,0,0,0,249.981902534782,82.1165595054626,49.0756960809231,0,0,0,0,0,0,0,"220911"
"362",0,8.4301204846488,0,0,0.00276756682433188,0,0,0,0,0,0,2601.14828739338,6150.08022856308,764.188641111668,0,0,0,0,185.690218348946,0,68.1906352815156,"220503"
"363",0,30.2605595521016,0,0,0.166983865201882,0,0,0,0,0,82.6035314315238,2821.24566082117,38601.8194805958,932.774122474042,0,0,0,0,0,0,0,"220105"
"364",0,158.211874795303,4.31415236927569,0,0,0,0,0,0,0,246.829419386762,1003.49240931568,3796.08294066042,429.488848686218,0,0,0,0,131.543465612718,0,0,"220506"
"365",0,4.81659253752976,0,0,0,0,0,0,0,0,0,984.372138549514,5537.27740754347,894.228625191981,0,0,0,0,24.7061726674911,0,0,"220906"
"366",0,28.0916284709165,0,0,0,0,0,0,0,0,0.333470745354167,686.896880547839,3790.8176913286,291.315652325081,0,0,0,0,0,0,0,"220808"
"367",0,224.718538946407,0,0,0,0,0,0,0,0,434.135221919001,4934.53490691382,11431.5721794591,515.635458580313,0,0,0,0,10.9008058274231,0,0,"220104"
"368",0,73.7444989567453,0,0,0,0,0,0,0,0,107.583999126662,353.738992443658,796.31295136176,87.7596393534041,0,0,0,0,0,0,0,"220508"
"369",0,149.852279891264,0,0,18.5958768145647,0,0,0,0,0,1122.22689800794,3250.32859005887,59351.9744791605,885.224083356555,0,37.9796387473762,0,0,4.28423198312521,0,0,"220801"
"370",0,1745.80855713011,0,0,0,0,0,0,0,0,1057.16599541302,13625.3550481381,137528.955578249,3050.22048384962,0,0,0,0,64.7520041869672,0,0,"220101"
"371",0,43.6455800854166,0,0,3.67050306629972,0,0,0,0,0,5.2462357455717,1245.56533844189,7509.04285322174,531.451357410876,0,0,0,0,0.0510048265568912,0,0,"220102"
"372",0,20.6132332946297,0,0,0,0,0,0,0,0,625.331478318045,1187.88382702364,40759.6227899238,453.232920132421,0,0,0,0,0.0901695843786001,0,0,"220803"
"373",0,25.737253291433,0,0,0,0,0,0,0,0,2290.33503144461,3206.45985164465,90518.0903982109,1023.25390121247,0,0,0,0,45.5673688634299,0,0,"220804"
"374",0,1.64662969484925,0,0,0,0,0,0,0,0,200.501192013733,141.398871129607,3094.60548287275,34.5536248423162,0,0,0,0,0,0,0,"220806"
"375",0,14.5339884929717,0,0,0.240094696229816,0,0,0,0,0,34.2192983023768,931.901573856235,4084.98481155284,352.917369084656,0,0,0,0,3.01960011212486,0,0,"220106"
"376",0,0.850937240546046,0,0,0,0,0,0,0,0,616.38176566308,350.816273191968,8213.23616634899,191.927107600825,0,0,0,0,2.85333385865674,0,0,"220809"
"377",0,10.4264620240406,0,0,0.00101065263152122,0,0,0,0,0,324.248203803418,75.1197598694832,0,5540.98197197111,0,0,0,0,103.822844453579,0,0,"220807"
"378",0,2.52767052783611,0,0,1.95540947314167e-18,0,0,0,0,0,503.440671440692,832.449505441389,10909.1696422021,149.531160882208,0,0,0,0,0,0,0,"220802"
"379",0,489.6402642982,0,0,0,0,0,0,0,0,535.35528208354,4328.17408444299,20214.1560386093,1132.20104542266,0,0,0,0,62.3384034633636,0,0,"220805"
"380",0,0,513.972247714182,0,0,0,0,88.7749156197533,0,0,1384.08399736387,538.307826148019,8846.58126276731,741.935242618027,0,0,0,0,0,0,0,"060808"
"381",0,0,0,0,0,0,0,0,0,0,0,2721.41517033392,11462.8014985602,2018.83198127572,0,0,0,0,0,0,0,"150714"
"382",0,0,0,0,0,0,0,5.80087527197783,1.12057325245094,107.346034166919,0,13.8696495671363,0,67.756924677873,0,0,0,0,0,0,0,"150716"
"383",0,2.57600004877895,0,0,0,80.5757233519107,0,4.64959421381354,1001.28950691344,0,0,2265.41895264887,2346.47513151169,3861.51468475908,0,0,0,0,0,0,0,"150722"
"384",0,0,0,0,0,0,0,1.93733741614237e-13,6.12113929421981e-13,0,0,94.4720827714204,0,0.442823610268545,0,0,0,0,0,0,0,"150723"
"385",0,0,0,0,0,0,0,0,4.75928408885972,0,0,1466.66759830563,2379.46121051908,1960.98040340481,0,0,0,0,0,0,0,"150727"
"386",0,0,0,0,0,0,0,0,0,0,0,5079.09990111737,20265.2993955202,6424.43356172665,0,0,0,0,0,0,0,"150728"
"387",0,0,0,0,0,0,0,0,20.7522337201518,0,0,1087.1889796856,1309.02046871185,237.447383614206,0,0,0,0,0,0,0,"150732"
"388",0.0685452409088612,0,0,0,0,0,0,0,0,0,0,1742.44902256294,13185.633051264,3520.31483279284,0,0,0,0,31.0238505987881,0,0,"150504"
"389",0,0,0,0,0,0,0,0,0,0,0,7996.20111285664,1408.13683746423,757.501463381531,0,0,0,0,185.62318789736,0,0,"150508"
"390",0,0,0,0,0,0,0,0,3.38927388191223,0,0,8047.46324635615,29152.8996114225,18401.843244373,0,0,0,0,0,0,0,"150510"
"391",0,0,0,0,0,0,0,0,0,0,0,3188.33490297319,4257.94558286667,2626.58825510498,0,0,0,0,0,0,0,"150513"
"392",0,0,0,0,0,0,0,0,0,0,0,8820.37069970799,19161.6335906349,7579.524168588,0,0,0,0,8.20080629923212e-14,0,0,"150514"
"393",0,0,0,0,0,0,0,0,1.98459803732112,0,0,134.586335711654,736.995111337164,36.5524347238864,0,0,0,0,0,0,0,"060907"
"394",0,37.3576275794174,11.0965090843727,0,0,0,0,50.9603382945231,0,0,1576.64204402075,0,3913.25680362749,258.830299861764,0,0,0,0,4.34167171615812e-11,0,0,"060812"
"395",0,0,7170.51392700856,0,0,0,0,0,0,0,32.5672659461882,8304.80555543169,424188.521670175,1871.85625607936,0,0,0,0,0,0,0,"140105"
"396",0,0,0,0,0,15.4970150386143,0,0.0178812630474567,40.9899619817734,0,0,819.834308101141,663.833917796612,1407.93794775009,0,0,0,0,0,0,0,"140203"
"397",0,0,1892.33742743223,0,0,0,0,0,0,0,0.000102042940852698,18382.5880353032,655048.763521972,26968.0798549567,0,0,0,0,0,0,0,"140101"
"398",0,0,3094.76413792746,0,0,0,0,0,650.891402910334,0,639.393078922292,3311.46562019917,28980.395039722,1343.55144144315,0,0,0,0,0,0,0,"140102"
"399",0,0,5044.04591083323,0,0,0,0,0,117.232704803348,0,468.16107226505,1341.69620913426,7728.96944408491,243.204244017601,0,0,0,0,0,0,0,"140110"
"400",0,0,213.858222356328,0,0,0,0,0,0,0,13.182119791396,1868.3879301734,16757.5360224625,294.686554623265,0,0,0,0,0,0,0,"140111"
"401",0,0,4997.9650113757,0,0,0,0,0,0,0,288.849213433088,12666.6769529117,170387.499994912,15265.5262147635,0,0,0,0,4.86848304726006e-11,0,0,"140112"
"402",0,0,749.517992414556,0,0,0,0,0,457.974467776027,0,268.001360448392,6220.91794631406,43996.1736116259,1289.91454163545,0,0,0,0,0,0,0,"140117"
"403",0,0,395.429523575644,0,0,0,0,0,0,0,0,11458.2127439458,53054.0806919605,964.665825565695,0,0,0,0,0,0,0,"140118"
"404",0,0,1495.80315364251,0,0,0,0,0,14.7477875340264,0,770.899898178416,3426.11658274566,13523.3662826419,613.308128491044,0,0,0,0,0,0,0,"140119"
"405",0,0,2236.57814518031,0,0,0,0,0,0,0,438.264571132144,8939.93733238282,56261.7565162959,642.983764078829,0,0,0,0,0,0,0,"140120"
"406",0,0,163.225998763286,0,0,0,0,0,0,0,99.0989504012253,1811.25050659692,94924.6185981035,67.4691555733224,0,0,0,0,0,0,0,"140201"
"407",0,0,16.6730443320122,0,0,0,0,0,0,0,0.138983997603688,1902.74591509054,2869.62489652634,204.942771711096,0,0,0,0,0,0,0,"140204"
"408",0,0,3822.49151240268,0,0,0,0,0,36.8883314728737,0,110.66182195954,4961.22227536552,9767.31233556337,233.73300665617,0,0,0,0,0,0,0,"140205"
"409",0,0,102.979530292185,0,0,0,0,0,0,0,0,530.168299664005,38333.8786255843,853.485388047178,0,0,0,0,0,0,0,"140206"
"410",0,0,1896.8660332049,0,0,0,0,0,0,0,498.165814394853,9449.13251631747,151806.261777493,6186.79377147923,0,0,0,0,4.17903635129915,0,0,"140301"
"411",0,0,334.874862765209,0,0,0,0,0,0,0,0,100.232428316725,642.567026097327,0.428362998412922,0,0,0,0,0,0,0,"140302"
"412",0,0,1651.58915830643,0,0,0,0,0,5.56283553782851,0,0,3030.75453224398,19309.7420830296,872.836538512318,0,0,0,0,0,0,0,"140304"
"413",0,0,424.632969381288,0,0,0,0,0,0,0,986.774525665991,582.696060491072,19791.4472031279,130.750058028847,0,0,0,0,0,0,0,"140305"
"414",0,0,1454.59164215151,0,0,0,0,0,0,0,0,3968.39426046098,27362.9726357526,1952.07267509072,0,0,0,0,0,0,0,"140306"
"415",0,0,2280.1933137319,0,0,0,0,0,0,0,0,5301.21724442426,39100.6764094417,212.541577663273,0,0,0,0,0,0,0,"140307"
"416",0,0,883.591789931115,0,0,0,0,0,0,0,0,2996.24347214132,36255.9045248646,755.911571071894,0,0,0,0,62.4997488593217,0,0,"140308"
"417",0,0,739.025491043926,0,0,0,0,0,0,0,0,2602.24374083266,10479.5208264105,76.6814159285277,0,0,0,0,0,0,0,"140303"
"418",0,0,439.073514252901,0,0,0,0,0,0,0,0,1650.47483846771,8745.52694879845,254.589029092342,0,0,0,0,0,0,0,"140309"
"419",0,0.00588419660925865,1683.99401380354,0,0,0,0,0,1497.23356747783,0,0,1325.00649596894,5287.00462448925,82.6081392765045,0,0,0,0,0,0,0,"140310"
"420",0,0,587.989550386635,0,0,0,0,0,0,0,4.31847361521797,257.455681190326,30264.1374343515,8273.93460387795,0,0,0,0,0,0,0,"140311"
"421",0,0,1996.07851891273,0,0,0,0,0,0,0,431.260114408178,1583.506636543,21731.7612264222,640.535985291004,0,0,0,0,0,0,0,"140312"
"422",0,0,14925.7320869984,0,0,0,0,0,751.452094945334,0,988.704106284146,7140.3256150401,25852.8441525804,15574.724264442,0,0,0,0,8.61331238970476,0,0,"200605"
"423",0,0,4.56613496039262,0,0,0,0,0,0,0,0,1856.54087776759,13830.9472567439,2964.00045322005,0,0,0,0,1.1592994218704,0,0,"200608"
"424",0,0,625.521664806409,0,0,0,5.32070854997437,0,0,0,0,686.515509263665,8962.4686776764,561.180578074455,0,0,0,0,0,0,0,"200507"
"425",0,0,236.184658110674,0,0,0,0,0,0,0,0.665802603238262,282.215908069338,4103.01342244772,954.407195241676,0,0,0,0,0,0,0,"200502"
"426",0,7.15847703108754e-15,0,0,0,0,0,15.5023932391778,52.2070915957431,656.352001616913,0,1195.72919173457,6663.8721298473,1042.08868673444,0,0,0,0,0,0,0,"200304"
"427",0,0,306.325901857264,0,0,0,59.5135951291304,0,127.202196335853,0,0.477528636343777,914.235648222566,86253.3097801744,31346.7452749798,0,0,0,0,88.205838957905,0,0,"200801"
"428",0,0,37.1181861003862,0,0,0,0,0,0,0,0,119.205015286485,4585.64704915731,942.273551050671,0,0,0,0,0,0,0,"200804"
"429",0,0,182.327127751894,0,0,0,0,0,0,0,55.382435493201,654.215586321004,6256.13249069057,222.082158748298,0,0,0,0,0,0,0,"200806"
"430",0,0,142.803457349539,0,0,0,0,0,0,0,9.16249136760598,3184.41821403796,12439.2883992646,614.333462204785,0,0,0,0,0,0,0,"200803"
"431",0,0,36.8678041258067,0,0,0,0,0,0,0,142.377340098631,992.009391916453,11337.565560581,111.768009713622,0,0,0,0,0,0,0,"200802"
"432",0,0,2051.27874074485,0,0,0,0,0,0,0,0,2032.56631255344,7315.91398765702,1985.94662096369,0,0,0,0,0,0,0,"200108"
"433",0,15.4870519936534,646.99870477147,0,0,0,0,0,1259.78007912636,0,0,2495.625834499,0,103.993637859375,0,0,0,0,0,0,0,"200306"
"434",0,14.9171967536095,651.494942117318,0,0,0,0,0,524.258319190703,0,0,3767.84674855243,0,161.891266345978,0,0,0,0,0,0,0,"200302"
"435",0,0,5925.81769251006,0,0,0,0,0,0,0,2956.36170859088,21131.8700275802,59311.5485519885,7943.89859656862,0,0,0,0,0,0,0,"200109"
"436",0,0,334.597539082277,0,0,0,0,0,0,0,0,3352.22490470464,9490.76111395958,368.857568288225,0,0,0,0,0.00357461465819142,0,0,"200406"
"437",0,0,3723.85357700068,0,0,0,0,0,0,0,95.133198047953,3937.28680532455,37649.666779522,2203.45632663123,0,0,0,0,0,0,0,"200107"
"438",0,0,243.83318734422,0,0,0,0,0,0,0,0.0423288240563124,445.38630264855,28801.4788308213,11655.3781839897,0,0,0,0,0,0,0,"200805"
"439",0,0,331.203293866839,0,0,0,0,0,0,0,77.2762661483299,1462.65763522175,6053.58993818949,176.920828891976,0,0,0,0,0,0,0,"200407"
"440",0,0,1853.42090266226,0,0,0,0,0,0,0,483.16835955129,6521.48424328994,88734.9618521071,12387.6892376032,0,0,0,0,0,0,0,"200110"
"441",0,0,0,0,0,0,0,0,0,0,358.673730383216,7153.00999098037,45829.0279210736,10016.0130885116,0,0,0,0,0,0,0,"110112"
"442",0,0,0,0,0,0,0,0,0,0,29.192201402213,8718.88951947566,3620.40474748611,859.557999570141,0,0,0,0,0,0,0,"110113"
"443",0,0,0,0,0,0,0,0,0,0,0,0,0,141.242473475751,0,0,0,0,0,0,0,"110114"
"444",0,0,0,0,0,0,0,0,0,0,1779.72023514716,35539.0815555005,353997.919343554,41126.279546831,0,0,0,0,0,0,0,"110101"
"445",0,0,0,0,0,0,0,0,0,0,0,3335.50756437008,5782.97067383491,281.634032365724,0,0,0,0,0,0,0,"110503"
"446",0,0,0,0,0,0,0,0,0,0,0,7683.95001453845,9120.85232557717,1746.53684782265,0,0,0,0,0,0,0,"110504"
"447",17.3062408715487,0,310.651950619258,0,0,0,0,0,0,0,42.3997327127727,269.349763438459,8660.67216159332,3906.76643796974,0,0,0,0,6.01894330978394,0,0,"110505"
"448",1.62827992835082,0,0,0,0,0,4.06096242368376,0,0,0,303.698487687113,3590.38323602199,46262.0491246196,2267.99872308734,0,0,0,0,1.12394244968891,0,0,"110506"
"449",0,0,0,0,0,0,4.04516604147488,0,0,0,0,1340.03829958871,62605.5221656193,6065.70411789001,0,0,0,0,1.59537577629089,0,0,"110507"
"450",0,0,0,0,0,0,0,0,0,0,0,2139.00409878465,43875.6584328224,6052.75551407505,0,0,0,0,0,0,0,"110508"
"451",0,0,32.2473167640297,0,0,0,0,0,0,0,0,2430.97130584257,11139.7938672948,2258.85316772379,0,0,0,0,0,0,0,"130703"
"452",0,0,26.823678484885,0,0,0,3.88462140556294,0,0,0,0,427.173997104961,57451.8706915189,18129.3429433228,0,0,0,0,3.75610992192605,0,0,"130704"
"453",0,0,464.617077225285,0,0,0,0,0,0,0,876.842718511757,4267.94475788005,19033.9883960778,840.409049698827,0,0,0,0,0,0,0,"130705"
"454",0,2.68545128963888,0,0,0,9.94099330063909,0,36.4424565911909,25.2067313208859,0,0,683.272401916535,1088.81751502759,10.3405950937886,0,0,0,0,0,0,0,"130802"
"455",0,0,0,0,0,136.923333982787,0,126.631964415828,203.422875552674,0,0,2267.09172910276,2427.70985707641,68.1923693418503,0,0,0,0,0,0,0,"130803"
"456",0,0,0,0,0,0,1.08898739048997e-08,0,0,0,974.74121757721,9570.56363544018,39863.5168917119,722.70032585552,0,0,0,0,0,0,0,"130207"
"457",0,0,34.3982518643506,0,0,0,1.89989326894283,0,0,0,1448.29141457772,7627.57137167839,65670.2548340556,1580.10017828367,0,0,0,0,0.00196369667544071,0,0,"130208"
"458",0,17.9944619834423,0,0,0,0,0,86.4854554270461,0.04329399572468,0,0,1045.99307549809,493.440834053792,15.5136942934478,0,0,0,0,0,0,0,"130302"
"459",0,0.122152205556631,0,0,0,0,0,68.0793988291883,24.8892086959975,0,0,1329.50734065624,1329.57278598868,43.2604400425334,0,0,0,0,0,0,0,"130304"
"460",0,5.72297079145299,0,0,0,0,0,3.86918015458747,0,0,0,711.765524474921,1147.94793167803,10.6577620506287,0,0,0,0,0,0,0,"130305"
"461",0,0,84.107851308374,0,0,0,0,0,0,0,275.494438662583,8381.08977114853,34489.9167563952,1831.72984900578,0,0,0,0,0,0,0,"130701"
"462",0,0,359.533135681415,0,0,0,0,0,0.265039313537273,0,1186.47703075986,10199.4736203565,85413.9050891891,2524.49006695111,0,0,0,0,1.63269334740471,0,0,"130702"
"463",0,0,0.679641015129164,0,0,0,0,0,0,0,286.032422530192,7701.51192615894,65839.4817975363,6175.99384426122,0,0,0,0,0,0,0,"131202"
"464",0,0,0.792129695415497,0,0,0,5.0701654769946,0,0,0,2608.31527882628,296.959003579464,13507.8427561924,1832.6749834785,0,0,0,0,15.031720369764,0,0,"131203"
"465",0,0,29.357649131678,0,0,0,0,0,0,0,4174.75392421796,7877.90801951698,78141.0156763264,1925.33656758132,0,0,0,0,2.60180711746216,0,0,"130106"
"466",0,0,4.90080293089333e-16,0,0,0,0,53.5136118238061,0,0,0,2009.57865446102,611.930502679199,47.1030183186233,0,0,0,0,18.317937374115,0,0,"130903"
"467",0,0,1.56683779275099,0,0,933.142250012757,0,311.588439455144,179.182568231438,0,0.843661389314182,19317.4879327404,102850.587961386,1036.10226878605,0,0.0102225252339855,0,0,0,0,0,"130901"
"468",0,0,0,0,0,2.10923624789582,0,19.7416882250708,7.85594808870917,0,0,412.35514526628,416.114958284423,54.3286127686215,0,0,0,0,0,0,0,"130906"
"469",0,0.0237494204193354,0,0,0,14.1325214226836,0,197.132060635835,20.7169796201288,0,0,4118.5148419497,13978.4791183695,317.057553768158,0,0,0,0,0,0,0,"131001"
"470",0,26.2679942245756,0,0,1.41977670788765,0,39.649060662283,0,0,23.1802841879,1037.7983667822,441.925033508208,31808.6351918681,1152.58487618172,0,0,0,0,155.038212887617,0,0,"250201"
"471",0,115.609790443042,0,0,119.649879716475,0,568.749584716526,0,0,0,647.963447211615,164.852114540699,3808.58236981622,41.1033607108402,0,0,0,0,14.2146455794573,0,0,"250203"
"472",0,28.6088932024195,0,0,1.2708112979972,0,0,0,0,0,726.620619013188,0.00300618180019265,23.1208727442518,105.812832786881,0,0,0,0,3.87433567213885,0,0,"250204"
"473",0,9.61107302689925,0,0,1.02577697346022,0,97.2635500934818,0,0,0,0,458.485236128113,2044.88187031809,25.8791641623247,0,0,0,0,71.9829633415759,0,0,"250103"
"474",0,716.254271282962,0,0,4.43642347601603,0,0,0,0,1558.09162611558,5.84735548449895,9707.65101045752,46767.6282414325,1907.6885679719,0,0,0,0,522.937937204248,0,382.94365670658,"250301"
"475",0,72.0259719949715,0,0,0,0,0,0,0,331.109576761919,0,2065.57439750104,7236.66184918094,142.172176595681,0,0,0,0,0,0,7.74233079131227,"250305"
"476",0,98.0411987074038,0,0,0,0,0,0,0,1107.27114200966,0,3368.46021024243,11999.7394368934,434.75836282035,0,0,0,0,293.864596341336,0,0,"250302"
"477",0,6.77778496941937,0,0,17.5110874358455,0,658.911236111471,0,0,278.842036930568,0,2742.01333092287,4887.69379753026,184.380083751545,0,0,0,0,0.221153774677077,0,0,"250104"
"478",0,0,0,0,0,0,0,0,0,28.0420880199695,0,456.753361149339,8344.32128418729,56.743426582245,0,0,0,0,0.600052118301392,0,461.060262423626,"250304"
"479",0,7.65049153553725,0,0,0.00122167600784451,0,0,0,0,193.095070645815,0,1699.59667122251,7003.02828701251,183.212743413388,0,0,0,0,218.07881601516,0,17.0752547573065,"250303"
"480",0,0.940748067572713,0,0,0,0,1525.26009878646,0,0,66.6370906837692,0,3859.78364527616,256022.829816585,460.2602835899,0,0,0,0,30.018736417644,0,0,"250107"
"481",0,21.8695568423016,0,0,83.6752841079792,0,0,0,0,2053.97383742506,0,22798.4296481783,253459.379379594,1841.86782491058,0,4.67757066056914,0,0,291.835021756085,0,46.8727687175444,"250105"
"482",0,87.2080035498366,0,0,20.6805123336312,0,1792.65849845629,0,0,591.709228882082,0,15248.465602448,379910.385449295,1868.04722148411,0,162.526252225041,0,0,306.419715434655,0,0.0646045491303084,"250101"
"483",0,2.15487023815513,0,0,0,35.1814662467227,0,201.553279933988,395.997917137625,0,0,610.789912517235,686.347979295068,133.058270858601,0,0,0,0,0,0,0,"060202"
"484",0,0,0,0,0,68.2660156139173,0,207.921157056275,3.48988614157393e-12,0,0,2363.51472786655,3246.86845821151,154.680177628994,0,0,0,0,0,0,0,"060204"
"485",12.22057387528,0,0,0,0,0,405.905598782102,0,0,0,0,4495.05854065962,914953.90664601,14585.7970903278,0,0,0,0,172.138978427317,0,0,"150108"
"486",0,0,5114.51764130121,0,0,0,0,0,0,0,0,373.189744866232,19166.7884272793,706.050478261837,0,0,0,0,0,0,0,"200606"
"487",0,0,30619.420105522,0,0,0,0,0,113.725126266479,0,318.3779761602,11562.2558315069,407934.292915181,6552.42154182233,0,0,0,0,0.378248265015254,0,0,"200601"
"488",0,0,237.246347829715,0,0,0,0,0,0,0,0,53.2077216952457,654.440517097712,637.318118028721,0,0,0,0,0,0,0,"200503"
"489",0,0,1747.48256406978,0,0,0,0,0,0,0,55.7033334695893,748.461081871906,26071.8670122987,1037.90918599435,0,0,0,0,0,0,0,"200505"
"490",0,0,8404.77280993867,0,0,0,0,0,0,0,0,12471.1500075303,91536.919347951,2278.55885297209,0,0,0,0,9.6877401182428,0,0,"200114"
"491",0,0,0,0,0,0,0,0,0,0,216.243394099263,7514.21827282369,11087.6791324138,4956.96456009573,0,0,0,0,0,0,0,"110107"
"492",0,0,0,0,0,0,0,0,0,0,2006.22125429534,10044.9956693632,46536.1349691637,11009.9901680859,0,0,0,0,0,0,0,"110108"
"493",0,0,89.2704601287842,0,0,0,0,0,0,0,3443.2282223026,3637.52049541968,7115.37185677514,2255.79220466386,0,0,0,0,0,0,0,"110109"
"494",0,46.2422209754586,0,0,0,76.9106678240933,0,45.1954649724066,285.141569047297,0,0,23036.6488461955,69491.6306602155,2965.4673357443,0,0,0,0,0,0,0,"050401"
"495",0,59.9276650859974,0,0,0,0,0,0,1.29948041308685,0,0,1766.33659014449,18533.8874213695,483.454776734136,0,0,0,0,15.3309464752695,0,0,"050507"
"496",0,826.065665845751,0,0,0,0,0,0,16.2522192681262,0,0,2136.8056735894,13545.4846524657,774.20737622846,0,0,0,0,349.695268919669,0,0,"050503"
"497",0,177.814101869241,0,0,0,0,0,0,5.75551111996174,0,0,1328.87948771185,8961.59162112226,369.172746222817,0,0,0,0,46.2837000736036,0,0,"050407"
"498",0,40.6995846989012,0,0,0,0,0,0,0,0,0,1237.42230123045,11008.4443267957,259.681004086914,0,0,0,0,23.2466875200189,0,0,"050408"
"499",0,3.64142542821355e-05,0,0,0,0,0,0,0,0,0,594.780399642326,3837.79941341229,231.37691406766,0,0,0,0,0,0,0,"050409"
"500",0,19.4231909853407,0,0,0,0,0,0,0,0,0,1631.06152285023,12834.9901944789,278.039175670594,0,0,0,0,44.9243596768207,0,0,"050509"
"501",0,203.719213598454,0,0,0,0,0,0,0,24.230525016554,485.747498153054,180.171370403226,3588.61651304807,86.5454268200683,0,0,0,0,1.92003437096727,0,0,"081203"
"502",0,7.99803691158008e-13,0,0,0,0,0,0,0,0,0,2104.19822262387,8138.10805427982,172.037749700248,0,0,0,0,103.999511848611,0,0,"160104"
"503",0,117.750049254293,0,0,329.497313964087,0,0,0,0,23.6882935520262,2104.22653225081,501.650360223073,2178.54820262035,1485.8886967806,0,0,0,0,367.344861727757,0,0,"160105"
"504",0,0,0,0,0,0,0,0,0,0,0,1340.29451982885,10698.7986444829,289.251177611101,0,0,0,0,431.352089855788,0,0,"160106"
"505",0,464.186018640175,0,0,0,0,0,0,0,0,2302.18087245193,69.9027847384568,7921.2333271287,119.873123302238,0,0,0,0,239.112102125426,0,0,"160107"
"506",0,43.139167734702,0,0,0,0,0,0,0,0,0,634.929147218237,2021.74403673677,139.166601695966,0,0,0,0,5.65378490545504,0,0,"160202"
"507",0,3.05103418208533,0,0,0.429241895028105,0,0,0,0,0,0,1290.82060523891,4155.65145876268,433.643483497459,0,0,0,0,0,0,0,"160205"
"508",0,218.111082534308,0,0,256.662572453296,0,392.651802760763,0,0,0,1513.02375979137,126.563728704583,18320.9776651481,799.486073015026,0,0,0,0,123.729865734464,0,0,"160206"
"509",0,4.41552153555832,0,0,5.37145218051302,0,70.7760027730448,0,0,0,156.216438541006,10.0407181754714,1898.81017037458,189.073075789669,0,0,0,0,9.90752212258819e-14,0,0,"160210"
"510",0,266.233584657709,0,0,0,0,0,0,0,0,0,2805.21222378165,3807.18971988266,1020.67368948139,0,0,0,0,133.038734784233,0,0,"160211"
"511",0,88.1155538774591,0,0,0.0679270461550914,0,3.6329131296676,0,0,2.13813321478665,0,4277.8711504024,51012.8743336972,3150.24450932952,0,0,0,0,764.133087683216,0,0,"160301"
"512",0,64.486704658947,0,0,49.5847914625001,0,295.714004161826,0,0,0,709.746287850335,5.08585170097649,2887.43831193894,155.714883471373,0,0,0,0,129.501874716558,0,0,"160302"
"513",0,65.088286133818,0,0,4.75676997915388,0,755.683495652104,0,0,0,300.09993349202,14.4463176876307,3880.51744714713,176.989545459859,0,0,0,0,159.258255644178,0,0,"160303"
"514",0,2.89498820155859,0,0,0,0,931.860293955925,0,0,0,120.197017157429,6.71038051386131,5134.89711972948,36.5610596393708,0,0,0,0,88.1796736669494,0,0,"160304"
"515",0,0,0,0,0,0,0,0,0,0,0,1353.22743981033,177324.016742944,3676.99028768093,0,0,0,0,511.733571690162,0,0,"160108"
"516",1.65404916122763e-13,50.8961735263001,0,0,82.7280857024016,0,0,0,0,0,784.177723148848,318.557523838943,6652.35753404608,167.093082886655,0,0,0,0,162.531276770904,0,0,"160801"
"517",0,8.22418449582251,0,0,0.576119534498844,0,0,0,0,0,107.468275312293,53.53640607741,0,663.374450400705,0,0,0,0,149.545217517661,0,0,"160110"
"518",0,0,0,0,0,0,0,0,0,0,0,820.698404963144,129450.326242057,1588.04569614094,0,0,0,0,819.211548488575,0,0,"160112"
"519",0,46.5081825251599,0,0,12.4669409878552,0,0,0,0,91.818162324611,0,16123.8064650934,343428.195201272,2312.41833502493,0,41.1489111075114,0,0,114.74344115551,0,0,"160113"
"520",0,0,0,0,17.5765348300338,0,0,0,0,0,50.0177568192785,2.55140547081828,1210.46841904934,18.8878945102915,0,0,0,0,13.4440015399232,0,0,"160803"
"521",0,219.297372533824,0,0,0,0,0,0,0,0,0,5605.92522076974,189109.044801004,3756.53394820143,0,0,0,0,1492.65076911651,0,1088.83068829301,"160201"
"522",0,22.4648760058917,0,0,8.23344223527238,0,174.870324852197,0,0,0,331.74258085997,21.8067480013706,2507.69333706117,250.925048758252,0,0,0,0,205.371705169723,0,0,"160706"
"523",0,2.05654954910278,0,0,0,0,0,0,82.7914150251693,0,0,142.170829690103,866.684632615652,43.6776657700539,0,0,0,0,0,0,0,"060810"
"524",0,0,638.35874782056,0,0,0,1.13055278186584,0,35.7427642190059,0,2054.07892602575,17050.7356315052,94016.2391381708,5896.96583725524,0,0,0,0,0,0,0,"130401"
"525",0,0,1988.39073370129,0,0,0,0,0,0,0,502.68185193182,6945.33503518478,37020.5225846334,749.419014936896,0,0,0,0,0,0,0,"130402"
"526",0,0,468.390194416997,0,0,0,0,0,0,0,1285.01653886235,4154.85588929667,18781.5541013898,243.180846144305,0,0,0,0,0,0,0,"130403"
"527",0,0,0,0,0,0,0,0,0,0,0,1846.58885945504,6366.9542011756,1645.36762325585,0,0,0,0,0,0,0,"021805"
"528",0,0,0,0,0,0,0,0,0,0,785.49717369056,4905.41582864234,25128.2523725744,4834.61085452187,0,0,0,0,0.142317264153954,0,0,"021806"
"529",0,0,0,0,0,0,0,0,0,0,0,1437.06723217987,7406.86321324253,1260.0942685644,0,0,0,0,0,0,0,"021807"
"530",0,0,0,0,0,0,0,0,0,0,0,631.826074361801,107068.982242339,448.953912270567,0,0,0,0,0,0,0,"130103"
"531",0,0,0,0,0,0,0,0,0,0,0,1496.46000733972,493292.754681446,34096.6359336989,0,0,0,0,2.54770023935944e-17,0,0,"130105"
"532",0,5.922258047387,0,0,0,0,0,1.84744918351782,17.2613763809204,485.694874735945,0,0,614.525950619951,38.166194260378,0,0,0,0,0,0,0,"060606"
"533",0,0,0,0,0,0,0,0,0,0,0,2193.3468164033,4980.34359592199,1041.76648318722,0,0,0,0,0,0,0,"020804"
"534",0,275.31424160449,0,0,14.1639700848763,0,0,0,0,1.6501026890367e-12,0,639.294840098306,19223.0127479076,571.645078927539,0,0.693780124189983,0,0,0,0,0,"170102"
"535",0,395.941546608087,0,0,0,0,0,0,0,25.2697358131409,0,310.614390101275,8864.22595804071,2733.44346420733,0,3574.58919950579,0,0,15.1490452885665,0,0,"170204"
"536",0,29.0435555541049,0,0,13.3845413190357,0,0,0,0,33.1780302524567,0,852.655086858258,10222.1905378541,29.1317681529951,0,0,0,0,149.697027833742,0,0,"170104"
"537",0,97.1716340076759,0,0,10.3800927166581,0,95.625187158119,0,0,1.54892456531824,0,402.824927541753,5212.10207799745,302.078894043696,0,102.436153395101,0,0,2.34415332365863,0,0,"170203"
"538",0,568.489002616818,0,0,64.1224521667887,0,126.53728975436,0,0,2.10385200381279,0,9876.60637265653,210311.368899319,499.067793334136,0,0,0,0,791.505378977296,0,0,"170101"
"539",0,135.414372290434,0,0,71.274413016252,0,20.8601743001054,0,0,0.0450198056278168,0,2982.7152137687,23920.539697749,69.9565966358641,0,0,0,0,55.9751414595037,0,0,"170103"
"540",0,18.1110572070547,0,0,14.5310343359735,0,0.069753387462697,0,0,0,0,547.833004896144,3171.77957581662,2.30105437401198,0,0,0,0,0.0994339259341359,0,0,"170303"
"541",0,42.5126660452131,0,0,0,0,0,0,0,67.7653031158266,0,1302.87034710913,11074.2727243146,2.73049292518408,0,0,0,0,4.25720609261771,0,0,"170302"
"542",0,108.662223615284,0,0,0,0,0,0.0314662978053093,20.5154678486288,0,0,376.792923237266,4015.71486634255,36.2035111933947,0,0,0,0,228.359098797257,0,0,"211210"
"543",0,6.88565808039857,0,0,0,0,0,164.923030999045,127.577372135363,0,0,739.967902283662,6595.66710196553,0,0,0,0,0,0,0,0,"210303"
"544",0,40.8923625761927,0,0,0,0,0,0,0,73.7710707460756,127.865383922553,191.052988400334,3226.36158191506,438.319951569894,0,0,0,0,25.2892434056848,0,0,"210309"
"545",0,0,0,0,0,0,0,0,0,0,0,3.40227162837982,2501.85729015194,288.970572097522,0,0,0,0,0,0,0,"150138"
"546",37.5278266072273,0,0,0,0,0,5.200987210352e-13,0,0,0,0,22117.3450761927,74344.3253715205,31650.3084142747,0,0,0,0,7.94945850878239,0,0,"150501"
"547",0,0,0,0,0,0,0,0,0,0,0,569.578383365365,8402.80485971053,13447.07501494,0,0,0,0,0.000697888724980918,0,0,"150502"
"548",0,0,0,0,0,0,0,0,0,0,0,554.094807583347,49291.0548503525,19918.9010900278,0,0,0,0,2.77340586297214,0,0,"150505"
"549",0,0,1490.57788487928,0,0,0,0,0,47.7604781625572,0,70.8678964460043,519.578376721593,2800.3990855897,163.033625281416,0,0,0,0,0,0,0,"140109"
"550",0,0,168.358057354869,0,0,0,0,0,0,0,0,8398.66263831212,19461.661044452,2330.45718668237,0,0,0,0,0,0,0,"140113"
"551",0,0,0,0,0,0,0,0,0,0,0,186.556811984399,980.191966421902,3.91164240241051,0,0,0,0,0,0,0,"200303"
"552",0,0,288.637108510721,0,0,0,0,0,0,0,0,1917.72040079706,192.921939373016,140.375669002533,0,0,0,0,0,0,0,"200408"
"553",0,0,1.72923342976719,0,0,0,0,0,0,0,0,2033.91628935392,0,0,0,0,0,0,0,0,0,"200409"
"554",0,8.20475970208645,379.917940296702,0,0,0,0,381.17190963316,317.216216786639,0,3845.11540443676,0,81862.9246711478,5991.74856364502,0,0,0,0,13.9328247173771,0,0,"010701"
"555",0,61.3282296442542,0,0,0,0,0,0,0,2678.31764705433,0,3054.87783138484,10080.6780960081,184.131610051729,0,0,0,0,388.956697579202,0,0,"190306"
"556",0,446.47740970605,0,0,0,0,0,0,8.98520261084104,0,0,2219.65422786178,27677.0883746287,810.211113990285,0,0,0,0,9.03023728169501,0,0,"190301"
"557",0,628.035797164375,0,0,0,0,0,0,0,0,0,4310.44020207634,30686.4463125525,1498.71916045994,0,0,0,0,2.03547483518742,0,0,"190307"
"558",0,5.20769834145904,0,0,0,0,0,0,0,0,0,2070.24490760826,5252.46477625277,554.908955367861,0,0,0,0,23.9734174956106,0,0,"190302"
"559",0,426.800593436505,0,0,0,0,0,0,9.59111446989148,0,0,1460.62452930776,4926.27263265594,347.305866124462,0,0,0,0,5.77303101809782,0,0,"190303"
"560",0,120.081949870732,0,0,0,0,0,0,0,0,0,440.063130424271,2975.90600715906,297.475359248674,0,0,0,0,107.169733988953,0,0,"190305"
"561",0,105.029990531159,0,0,0,0,0,0,0,811.724908545191,0,3110.42421961787,12399.8726923693,256.855164722823,0,0,0,0,406.365155057333,0,0,"190308"
"562",0,67.1792665509399,0,0,0,0,0,0,0,590.194492307328,0,295.944429872393,2753.40637881861,153.924692369066,0,0,0,0,185.046103298669,0,0,"190304"
"563",7.21249984018505,0,0,0,0,0,0,0,0,0,0,1.45555534027517,16647.9995304537,1890.54073717599,0,0,0,0,25.7135497415438,0,0,"150129"
"564",0.714229643344879,0,0,0,0,0,1.05052090529352,0,0,0,0,2359.22080296362,143688.053963739,30796.3714982507,0,0,0,0,0.716827425872963,0,0,"150801"
"565",0,0,0,0,0,0,37.2659528396962,0,0,0,0,3806.32200811364,78959.7053131578,1964.78117020596,0,0,0,0,0,0,0,"150805"
"566",0,0,0,0,0,0,0,0,0,0,0,24525.9214164536,60533.0873917879,10837.2391224786,0,0,0,0,0,0,0,"150810"
"567",0,11.6480507217348,37.7075115756634,0,0,0.0158027941361645,0,10.9501489409651,0.0106757655740004,0,1242.86523822012,1472.47750221257,4828.23893142445,456.749602428291,0,0,0,0,0,0,0,"130809"
"568",0,43.5404647324869,0,0,0.358380394821456,0,0,0,0,221.237248104475,0,2496.39265377485,14734.0061742609,114.020222256915,0,0,0,0,20.184464069549,0,98.8694918006669,"250102"
"569",0,6.99528169631958,0,0,0,0,0,0,0,86.1292315667888,0,1639.64127403198,3899.88463476369,24.4584170543692,0,0,0,0,89.6544454203011,0,33.0032016056284,"250106"
"570",0,0.514902494847775,90.3232115229482,0,0,0,0,217.997676856816,0,0,926.888058432392,0,1619.36039859056,125.864808781073,0,0,0,0,102.500746846479,0,0,"010705"
"571",0,0,0,0,0,0,0,7.04243142902851,0,0,1125.52296601315,0,4593.71880846471,59.4720965472225,0,0,0,0,0,0,0,"010203"
"572",0,103.51143582724,0,0,0,0,0,0,0,0,0,3111.29341679476,37023.6764651573,829.242784010843,0,0,0,0,18.3468373091673,0,0,"120604"
