ubigeo,sum
010204,1858.454691413805
010201,26591.83019672177
010206,7105.072862120486
010202,9836.5761521905
010205,24330.257357846393
010203,5719.103858021817
010311,1128.1490077121653
010303,250.0611343369911
010309,421.79797887206416
010307,8260.181447265224
010308,293.92833931763823
010301,1714.9005415303905
010305,892.7881510156476
010310,2595.353712703154
010302,345.2721969277346
010306,10369.110645365741
010304,1310.522256347958
010312,9891.353446401386
010106,1973.9622521255521
010103,1673.4373365910399
010110,3138.5854813154983
010113,912.7015173123389
010115,679.1546236111506
010109,5048.76334561305
010112,717.8358324432012
010119,679.5916003644908
010120,997.4119535209678
010104,574.9088465090078
010118,326.0399761315215
010101,32425.22724438809
010114,2624.4659444367844
010121,241.7591511784196
010108,1192.8201521621795
010117,668.6935894137381
010107,422.4736859581158
010105,588.6999775096268
010102,361.4772464241834
010116,341.1979307703895
010111,662.0576489696288
010401,30419.29236979701
010402,10414.67796263628
010403,19326.919451168542
010517,1658.6736813013397
010521,2983.0101005120646
010503,2495.8961264282675
010514,5548.046526277698
010519,596.2420978986054
010511,991.42134660928
010507,1423.628053747175
010522,1345.0011072106724
010504,2019.7569650390278
010513,4047.520576656691
010515,1447.5113214701837
010506,540.1807354149173
010502,4422.021634611243
010508,914.4421416486304
010509,4360.001578695715
010523,1296.9888330920653
010512,4414.740397224706
010505,2156.795880615718
010501,2021.666310463145
010516,589.2662023549171
010520,2139.7666664645535
010510,466.9477692705014
010518,1542.9616831580104
010602,2019.6748749157744
010608,586.1665967278765
010605,3634.5854178209074
010604,1751.7137145132558
010601,5561.685710706162
010606,1141.2946874279446
010611,439.05735266882107
010609,13138.53199857587
010603,598.1825990758986
010607,2732.5927784578475
010612,8604.256726691792
010610,457.7664328427875
010703,7931.3550967853735
010702,29746.26056996085
010706,12944.99089177419
010704,6182.062656477542
010701,51822.92971890221
010707,2484.240943345647
010705,6696.742174491292
020205,776.5806849164268
020204,2054.5211583200544
020201,1708.2670708902426
020202,2293.7972172297405
020203,652.749304951807
020301,3468.6080285828184
020305,5260.638326664783
020306,1556.2553405665483
020302,1910.0403480584268
020303,1515.5179083468868
020304,1830.7231942895864
020401,5612.074203825504
020402,2992.7101431924452
020502,1947.4229975960411
020503,1057.8740941989804
020505,1512.4699037710814
020506,2055.3087647463185
020507,5389.201925868638
020511,1160.073963132369
020512,548.0580889689498
020513,1966.1454443438984
020514,1818.3024913315828
020515,1572.8359658003242
020504,2481.193917195141
020508,9487.86676923016
020509,2611.5339478056444
020510,987.0597930932782
020501,3570.16815293859
020608,2875.17435964666
020609,3256.78737332108
020610,3215.6943993702243
020611,3534.544500813733
020601,16693.912471038017
020602,2494.1614385527146
020603,1478.250972395668
020604,2492.6087113251365
020605,1346.9514631318966
020606,9526.669266374422
020607,1567.6942280300102
020701,12493.190905600353
020702,3550.60085535749
020703,5553.193531159663
020801,35186.472833887434
020802,4292.6870402734985
020803,1859.9651218412835
020804,8777.710333872954
020901,1363.4296117284664
020902,408.7552610246796
020903,558.7839329042345
020904,3089.5117885787176
020905,946.9087545141188
020906,673.946768098968
020907,1256.6160136480971
020105,79939.3585839809
020103,922.2535144719719
020101,70786.13086644791
020102,1912.5021175798754
020104,2092.8284788703727
020106,5616.3064231707385
020107,848.2361468577434
020108,2077.8940748624664
020109,1135.2572472046554
020110,4825.7592669703345
020111,3883.6413448680305
020112,5781.25360255782
021001,10608.674707703536
021002,1507.1655567122905
021003,2339.637087118101
021004,8911.00235163141
021005,1687.6248908291411
021006,1968.9778503944476
021007,3230.973367271148
021008,3000.980768521295
021009,1596.5912858057113
021010,1711.5964553122972
021011,3210.322886091863
021012,771.9849197061034
021013,1753.7164756247953
021014,15735.245214562245
021015,2858.853977570548
021016,1605.3537643919242
021101,25378.48899481772
021102,678.8433986214594
021103,3764.959518137961
021104,1032.6512445739454
021105,840.9631303129065
021206,9513.99986405074
021202,922.792852287914
021203,1613.4209053179122
021204,1216.8663840737197
021205,1999.9710104678122
021208,5372.484176743429
021209,933.7965276761154
021210,1429.1412788965308
021201,28600.89575599097
021207,7156.297195079045
021301,3629.144719173261
021302,4414.888766841993
021303,1336.1039648300157
021304,2197.935556950757
021305,1136.2994118175359
021306,6828.376512998822
021307,3167.9004032155144
021308,976.0025636758438
021409,3298.9917276188835
021410,413.91344606065627
021401,1020.066359064623
021402,1380.2179445784593
021403,829.2334760926402
021404,998.6979650374423
021406,1022.6933540082744
021407,3536.132663192322
021408,868.9312434489023
021405,1763.121994170225
021508,2307.5590286539036
021509,9751.869593361509
021510,998.8995124459731
021511,3096.2760670200555
021501,2646.8781603301627
021502,1227.560050873137
021503,8542.068590453373
021504,409.6358656253738
021505,1230.7942054484336
021506,540.9796938619266
021507,706.4153761728867
021601,17008.864659644543
021602,3576.6447446338398
021603,6817.170061950226
021604,2315.154608222347
021702,4043.017612034033
021703,609.9723138481233
021704,1448.4923421814933
021705,2147.337249556206
021706,948.8160495117561
021707,2529.553662419919
021708,1479.5663012274777
021709,441.250092798139
021701,4229.604695546365
021710,2144.583965004778
021809,136000.84005848254
021801,243709.59333384558
021802,5034.933108776901
021804,3102.149662035209
021808,23604.30777978851
021803,13842.128835972846
021805,7090.48267495679
021806,16828.147838809004
021807,4530.932314022487
021901,4945.257003474268
021902,2271.1908553090557
021903,707.8680599973546
021904,2441.6491744648424
021905,987.1219723140421
021906,4996.434784066928
021907,2796.283074080403
021908,2502.6072969715087
021909,6354.512345350773
021910,1747.4448455982467
022001,22877.797936382765
022002,2401.0451730858217
022003,6623.491986645965
022004,1812.8570286034385
022005,14920.37120099618
022006,2572.6114346375643
022007,2405.327820059701
022008,6884.5196686808085
030108,3458.990396628751
030104,16857.31754698429
030105,4230.236521330781
030109,10781.610532135091
030101,51115.25251071449
030102,1039.6474873719208
030107,3438.4294457759465
030106,5128.8764183127405
030103,2164.8692658652667
030216,20983.443343585528
030208,4073.374966632135
030209,8873.1246398097
030215,8951.953308232865
030202,4924.2034290511
030219,2278.1513584012328
030214,1934.0146301876532
030206,944.9059068122696
030210,2648.1158789410233
030211,985.8132824679361
030217,2279.3144613656054
030203,1174.093690830533
030218,3761.5634194354166
030205,4195.946268835787
030212,2855.141722339216
030207,8972.45088326393
030213,31013.05715215983
030204,6745.956916607719
030201,43380.104318219965
030220,6656.145243673786
030304,1856.85521262584
030301,2714.5809618500157
030303,1416.8080753282934
030307,1546.6243610964348
030305,3158.416625541362
030306,1196.7100885081422
030302,482.2246063771931
030415,2873.3720703186514
030409,1931.8670071337483
030404,1838.456122363726
030405,932.12389378029
030406,5590.122909979975
030403,1336.7981032045368
030401,4715.21714379267
030410,1024.54502605102
030417,1060.8128666006037
030412,1356.6508565973547
030413,726.6553996669455
030414,1997.9338389826162
030402,1030.9483346156337
030407,679.8497130128247
030408,1310.541825962191
030411,736.4401787535528
030416,1898.0324344689634
030601,6564.70470345003
030605,7085.406289504389
030602,10146.350718290923
030610,2050.4021073698696
030609,2420.800034645491
030611,2190.4110476484752
030607,3542.649893338801
030603,2574.3652264407624
030608,5672.72094099048
030606,4062.7222881919893
030604,7373.910218985459
030502,3708.227641509704
030504,11050.235501898534
030506,8388.706234910384
030505,6968.712993254069
030501,11622.754358156526
030503,8041.013429839869
030713,1342.9417265603008
030705,864.9374803786143
030711,677.6811679288088
030709,319.88712657991005
030707,1027.1169836900103
030710,624.3832220737986
030701,4719.2530589330845
030712,1266.6058076733184
030706,1558.8838747098173
030703,3462.7979384571313
030708,3217.4228995849844
030714,1757.0046114140798
030702,2073.271904832891
030704,1387.1331682267592
040115,1556.4538195875334
040119,2573.364399773972
040120,2634.625213394513
040121,7821.365092815688
040122,69531.84746181192
040123,14267.006569163392
040124,14671.361751956152
040125,2406.5993945527903
040127,1217.6838300344727
040128,37985.43528648173
040103,105396.7904397621
040104,208830.58035150435
040111,2457.4519919644413
040113,557.0254475735547
040116,5273.911558397411
040118,2060.006789078635
040101,71392.23189754861
040102,96787.26871800436
040129,87342.32485970041
040110,50860.93553175284
040112,133503.76345335922
040117,24315.744923464445
040107,50090.08894238997
040109,59208.27810379971
040126,23611.75076390434
040105,12664.379261641334
040106,2954.40145279538
040108,37882.13013883153
040114,1547.4390807900488
040201,15408.976625265084
040202,4752.640909077841
040203,10278.697833142223
040204,7550.089277326123
040205,20441.43043082907
040206,4666.981480187995
040207,2640.465339945633
040208,19247.17032264385
040302,5091.816102746779
040305,8685.330502875375
040301,4197.337036722817
040303,4453.671929982532
040304,1022.6553313199274
040306,934.1140909726306
040307,9825.952792051827
040308,7972.573291263612
040309,4519.43291693286
040310,1172.7380474808435
040311,1470.0650176762226
040312,2116.15298389972
040313,1713.1126007410303
040408,667.9491392628986
040409,11606.634594876097
040410,2591.2491867281324
040412,536.540133166759
040413,24718.502131830315
040414,1621.1553616757337
040411,505.2744167807676
040401,9387.4110430195
040402,1111.5538146922481
040403,366.53679859465564
040404,1664.6617614131005
040405,1810.330406778563
040406,991.555415636696
040407,1384.061488083561
040506,1692.3769255699572
040507,557.75318045379
040508,1216.9500725239184
040509,709.6937341522612
040510,1504.2236804616985
040511,706.4610293546592
040512,726.911996211941
040513,459.69656356093776
040504,2037.873412298502
040514,1905.6662831381595
040502,927.0285097258393
040515,706.8269245222366
040516,558.8086838207968
040517,1471.2788845405098
040501,10043.007175901617
040503,2546.4841769883287
040505,3206.057622956763
040518,829.7386246755736
040519,2382.9899602137416
040520,135359.52596724182
040608,7072.100042875595
040601,3459.7588048020443
040602,687.9181307041727
040603,2973.557774088672
040604,625.0750760278391
040605,649.1132918799499
040606,2584.2122968707704
040607,822.5016944714157
040705,996.2389297036564
040706,6579.8259902297
040704,9557.738436827298
040701,21891.55748001625
040702,9313.16351965836
040703,7184.038506392764
040801,2991.230013932798
040802,1960.452012261509
040803,515.0239175071091
040804,2211.0736389953895
040805,1203.7435721422894
040806,2852.8061927172243
040807,217.59280188986835
040810,815.7672439651161
040811,721.2172993491004
040808,635.0749206962447
040809,319.9316051246443
050201,7322.268999369903
050204,2635.476821689905
050205,4650.262489259084
050206,3828.5800765932863
050203,9212.701740152646
050202,8460.450567913158
050116,34409.4434907689
050112,10025.836361951304
050102,13099.957790881792
050113,6231.564673904303
050111,1790.8960370037491
050106,6965.796824301882
050105,7516.924848198134
050114,18477.821836713632
050110,53242.654152210715
050101,88782.89515069089
050115,20940.505898835145
050109,5176.950350960452
050103,7351.253520009056
050108,6516.416754990228
050107,3430.0942615495583
050104,32664.99026598603
050303,1796.3258846952303
050301,3947.483330882908
050304,2821.0965196872276
050302,2594.258031943082
050410,5199.33724510842
050411,13641.23383851187
050412,2086.9634047432573
050403,6237.343616968014
050404,3738.3644892153193
050401,56682.93553648652
050405,5696.705835749881
050406,4202.134232401595
050402,10676.748883127739
050407,17245.37675562388
050408,11551.809445485898
050409,4844.917663727396
050510,3551.390265325166
050505,4725.330915585331
050511,4902.430848050896
050504,3758.033828892554
050502,16390.585437963287
050501,13335.009960131847
050508,23395.359285855302
050507,12700.297281499723
050503,11300.965151598424
050509,6966.189499960298
050506,1201.319987571612
050609,1406.322534061312
050619,10084.982849018137
050605,2093.9027226275703
050621,907.7860735952598
050614,1051.7224121483719
050617,3199.528779020041
050615,2556.8262977452664
050601,15874.064088172723
050616,2111.6429640078636
050611,4996.68274317077
050613,3420.3614238352516
050612,2980.3375057823164
050604,5097.129360818134
050606,4130.193423102244
050603,6515.334946413587
050608,1371.6516572556613
050618,1441.6626818490777
050610,1157.7940796617127
050620,706.4765025609261
050602,7141.9388322702525
050607,3249.4762209320456
050706,2215.2686756756293
050705,6076.111436011985
050702,2854.429313059213
050701,18399.768872830617
050707,928.8861550104165
050704,5227.999388383984
050708,4231.608789386656
050703,2693.6281593013023
050803,431.7426820586603
050810,760.6615521297114
050801,3061.847318490312
050809,186.87442730572445
050807,699.3391075606814
050806,1352.175603021362
050804,2862.2652819729974
050802,1624.3872364294975
050808,576.9691534526974
050805,845.463450637657
050909,1858.539534723899
050908,1172.8935508119962
050905,777.2085321644867
050911,1484.4031755896644
050906,1279.4128156910192
050910,715.1731212887765
050901,2760.5405033223865
050907,755.7361052702745
050904,565.8335871911515
050903,659.4037323483504
050902,943.759862600515
051005,4543.958576882659
051004,472.72498231520365
051003,1698.8633786676621
051010,3670.5287291534214
051006,1198.6127827078687
051008,1366.9916066906899
051001,1990.9411444668726
051009,874.3511037951522
051007,1002.4369900913512
051002,2635.82312944557
051011,2979.436247242931
051012,2903.0246254686867
051106,1604.4846112440048
051102,901.9492419933712
051105,2361.965010030666
051103,1027.9867229738795
051107,1322.727278582253
051101,9318.463983768544
051104,3497.505370146068
051108,5289.0436302161925
060201,30429.273608837164
060202,27106.51625662363
060203,13382.506760370172
060204,8408.780655783174
060101,291154.303476872
060103,4263.929300760229
060104,7585.412831771886
060106,14443.692986141412
060107,5553.3355088343815
060108,48160.01181042108
060109,9472.745101653043
060110,3063.6029603146453
060111,11015.97708119694
060112,5281.860216897083
060102,13971.568724860299
060105,24164.609665838296
060302,2969.8086481669784
060303,12865.967207113017
060301,28894.854993423472
060304,13095.403459955045
060307,6093.328449646448
060312,8971.453878038134
060305,550.117365310568
060310,5898.644607958987
060311,1433.4745820717344
060306,2371.795962883242
060308,6801.517711222365
060309,9379.213651371801
060402,4392.270348250896
060404,4378.586361412441
060405,2568.4336551901088
060407,5856.847676317312
060410,11585.337807829332
060414,1565.6517812638008
060418,946.4729140941638
060401,47960.953444571736
060403,3531.4853067115537
060406,3303.3484548672895
060408,6530.793182252113
060409,8892.15642991043
060411,7451.791019761491
060412,3841.6314472657064
060413,7451.637349945711
060415,8204.984350907283
060416,870.8984949842682
060417,20217.937919954005
060419,4920.59189050243
060504,3087.5915484992433
060503,1361.2290390207686
060505,3774.9689627548732
060501,8057.844059142311
060502,2414.4090533477843
060506,953.1245958964173
060507,3699.6050915045835
060508,7663.961518390447
060605,5815.744591895945
060608,4888.256751754535
060609,2177.693277326371
060610,2279.67446242822
060612,5398.331066937219
060613,7326.601989530438
060614,10003.871077840866
060603,3616.4029819347084
060615,1189.413846145905
060601,55321.962720352676
060607,16209.541119221083
060611,2615.344213965595
060602,9407.57605386345
060604,2899.951466224793
060606,5141.115358564769
060701,86917.66073412115
060703,16202.32422510722
060702,3511.336179135519
060802,14531.141686258976
060811,8168.167921092256
060803,10370.199625835867
060809,8808.028261262607
060801,107923.32431428507
060807,10828.189899424455
060804,9625.807646232868
060805,6056.224134435926
060808,7532.933525702011
060812,10310.923223520975
060810,6332.26703346131
060806,4016.6799646292816
060901,39694.2334989104
060902,14011.264328139445
060903,19367.13880452725
060904,20733.758441033184
060905,10550.565234804488
060906,23484.56641475864
060907,22310.3187158649
061002,3188.858120850067
061003,2299.7906146828586
061007,16226.108498919319
061001,22047.29167182751
061004,6488.487950294987
061005,1386.5755428496448
061006,3627.0524456718
061105,1089.7920745413087
061109,3631.818180232757
061110,2142.1142173054686
061104,3389.3308079035414
061112,4805.261864853897
061101,15317.448605398717
061102,1592.964536878371
061103,4268.3273712681785
061106,1879.45111381207
061107,6223.001506543432
061108,1218.660999430418
061111,4122.64726448918
061113,3585.1417000426673
061203,1128.471846964341
061201,12886.179414366445
061202,4644.254649745063
061204,3335.364221263354
061301,13576.02081248741
061302,1367.377193672984
061303,9886.28967638716
061304,3784.2630284180095
061305,2417.909876268486
061306,2537.434928245741
061307,4051.019173345947
061308,1743.747921670798
061309,581.4133492318132
061310,1594.8314876116815
061311,3106.8315064195044
070107,20707.819417429902
070106,339932.8257406743
070104,93531.44072144457
070103,38600.84810291365
070101,390222.6581852664
070102,68093.46909546202
070105,2561.0522087246773
080201,5364.398649388714
080202,2179.953046575348
080204,2587.865426554486
080205,9115.79374761977
080206,1961.7196099174066
080207,3542.719100482601
080203,2116.8356472825762
080305,5488.5003984971945
080301,15943.250571795885
080306,9528.344097280056
080307,2527.8011586641633
080308,4547.013028224838
080302,6628.304124458409
080303,2744.06949945954
080304,3800.5362402733867
080309,3428.365732353649
080401,24897.877231848383
080403,5563.168703332834
080404,6922.245776599764
080408,14737.434758987143
080402,4067.336094589915
080405,10039.524535163871
080406,5554.786624188933
080407,4858.306693583675
080503,5514.078319194345
080504,2202.979099282901
080505,5935.195178406403
080508,2556.268193621142
080501,9530.857921366915
080502,6104.819947778457
080506,1855.661338359176
080507,3628.17348229339
080602,4762.118732664955
080601,59415.92801544763
080603,5165.651242979873
080604,10617.897638124414
080605,7309.553671185207
080606,4229.977807318652
080607,2470.8655866213203
080608,5352.436804984189
080702,4293.527681598057
080703,9218.976486848973
080704,8033.36805378389
080705,13879.395306022896
080706,7098.992130409991
080707,5027.508027140366
080701,26329.28397700825
080708,8316.129716479363
080108,70081.81398156857
080105,121422.99583919223
080103,11373.764259073374
080104,87084.58465728506
080107,8571.47265408731
080101,143177.8883685323
080102,2183.836419667073
080106,91736.65627230868
080802,1451.3770938193293
080801,33996.01611091552
080803,18204.17990245595
080804,1470.4293527525422
080805,5295.301299655779
080806,3818.7581870979006
080807,2570.3151628307123
080808,2544.8963842924977
080911,7428.091043686089
080912,2219.6960116565892
080913,3275.4815459794304
080902,16708.88084590031
080910,19957.225970911644
080901,34205.00300415861
080914,28121.289829295903
080903,3885.977842875739
080904,4570.370685383474
080905,6745.294700932134
080906,19150.108061224655
080907,15881.564918977165
080908,7377.583277739641
080909,13514.197755393023
081003,3371.7150318928975
081005,5394.176264911951
081006,7444.8680113150895
081007,1855.0779686583319
081008,1088.1192206895955
081009,2071.2484067797523
081001,3034.5057427113843
081002,3528.803054075652
081004,961.77616774675
081105,7671.218103367122
081103,11144.490045092349
081106,5608.921250396519
081101,13660.243731673705
081104,10649.73695357774
081102,2666.344570705704
081201,8388.4960448388
081202,5521.505891708406
081206,4522.349602811569
081207,4300.8471963678385
081208,3910.3230940256713
081212,10829.812482552152
081209,3705.8032044765823
081210,16388.030593849977
081211,7643.972241803455
081204,3153.656549288112
081205,20133.17849451925
081203,5927.304930572333
081303,5334.916904150281
081305,5893.571587131965
081302,9661.755213696006
081304,9923.48396026121
081306,11882.92848638563
081307,3268.5063284025023
081301,22057.90182370428
090204,2975.0496393195226
090207,4084.8551932838923
090201,11210.867396814272
090205,2433.9244785081555
090203,11220.680399315499
090206,59417.211880487004
090208,9070.124029503111
090202,6709.547195723717
090311,4043.503882707174
090310,18337.298961932254
090312,4875.323976696799
090301,29466.26896953748
090309,2121.173117917833
090306,4641.889458705409
090304,3049.0731559811834
090302,9866.403479959301
090307,1782.5335298107377
090305,8230.564601995597
090308,2681.6300821463565
090303,799.0663562412942
090413,1558.9101566683762
090404,1416.1827548820781
090410,407.6707415933678
090401,3379.153690198821
090409,1824.9627836626546
090407,1683.0462972189805
090402,1441.685404462402
090412,707.1196302748555
090408,368.9494018592524
090403,2391.683280751425
090411,2153.548137351418
090405,1320.4518530045489
090406,920.7968678171142
090504,3231.901323549478
090501,5360.4232476537
090511,4959.940744715281
090505,2811.876376988639
090507,8105.587156988373
090508,1537.2253266330729
090509,2940.764259861834
090510,2697.2823008117725
090506,4368.227238537274
090503,5110.798116456192
090502,7384.657996956941
090106,2897.987380968581
090101,42037.77741211041
090117,39634.05900127101
090118,16643.391850428805
090103,43168.344758258376
090114,3177.6547698129025
090102,5252.350918450775
090110,1853.3342531679743
090119,7818.18574532197
090113,3207.9968356187437
090109,1460.7557081854384
090108,821.4363556864214
090104,1155.4072361077015
090116,3075.0325294265617
090112,2740.761192930021
090107,684.6949314872934
090105,1852.9092007432641
090115,468.24871309791126
090111,322.2667202890502
090612,1280.6723862342897
090614,686.7841563669543
090606,3432.5546727084175
090603,3804.8744819796216
090608,1274.4079563681219
090605,545.8601939500836
090615,998.0871750659189
090602,559.3951054445893
090604,438.66156600439075
090616,262.73543689823623
090601,2177.3481423021767
090609,809.3994821879244
090610,1704.4564910356185
090607,4319.725422257713
090613,2846.496070599357
090611,506.1185251877516
090720,3840.749757058753
090721,6252.981493582099
090722,2792.846579984062
090723,1317.4903066245943
090703,5217.656229775065
090706,11364.662283602649
090701,10813.82503804112
090704,5795.878572043659
090710,1834.9240557091923
090709,4334.801065158879
090711,8727.533556140565
090713,922.8362619818579
090714,4603.581787848458
090716,2864.0492985513615
090715,3253.8827992806855
090719,4834.6154726313025
090705,11735.278850230401
090718,13041.490110270373
090717,5363.045191658816
090707,7782.639391165417
090702,4266.468853370758
100207,11602.001620129662
100201,17761.64359753141
100202,3260.9779527296787
100203,2142.007528983524
100204,7604.605975089197
100205,7092.0026699877235
100206,3237.360828941188
100208,3503.4907799001985
100311,11763.134246228696
100307,6503.1322813622255
100313,14205.05255946725
100317,7640.113438857199
100321,2392.6489132655015
100323,2966.9894526768794
100316,4076.040891866736
100301,8412.723627580935
100322,2335.406137125645
100401,7148.804038387961
100402,3273.297325689449
100403,3786.089474655454
100404,8784.710765151334
100510,3241.2572324415432
100501,15654.970289600415
100503,3704.810354625128
100504,5542.073474120562
100505,4114.863917492584
100502,1409.8910804827058
100506,3401.2270577136787
100507,46763.529829134226
100508,2524.402276175074
100509,4363.1964394037095
100511,3062.3278339559433
100113,9623.066211521298
100101,99581.34081011757
100102,72241.66652038228
100110,2696.4599457571326
100111,31591.587600993476
100104,33089.0073223667
100106,6805.010320677966
100108,7949.182940991773
100112,4610.716632361551
100103,11760.635355496797
100105,11393.298080563256
100109,18615.200242098035
100107,8192.855119789734
101004,4463.241529503539
101006,2044.8911447832104
101007,10889.82310623388
101001,5463.642907226962
101002,7824.379945968776
101003,2945.618460930387
101005,5886.686707630223
100607,6219.318581436383
100608,16827.26761678409
100609,6560.832287368771
100610,3596.9739631452444
100603,3795.2281038499527
100601,48354.4679135972
100602,7867.314221582597
100605,10479.507184639151
100606,9483.55094324689
100604,25107.800560014774
100704,4117.295589312905
100705,3208.648505616094
100701,16394.04787173588
100703,2657.583566993793
100702,12592.5945821702
100801,26951.352395190832
100802,18117.92312626148
100803,16129.88316521059
100804,23503.705366506256
100904,6011.294032649792
100901,7348.747240483056
100902,6911.16197751613
100903,7109.7942001877345
100905,7264.249116091225
101102,5684.101432165207
101103,3710.631254058024
101104,5030.47338793032
101105,2220.174121141258
101107,1759.2505174259193
101108,3230.420088613688
101101,5707.853911968365
101106,5457.088194021515
110210,31039.133173862396
110201,69735.99002460316
110207,72802.56298298671
110202,9687.598270221106
110203,1589.0827241133034
110204,12897.992354621496
110205,15343.966108235232
110206,27929.58118643424
110208,252.94110937897005
110209,1806.9163067255026
110211,5104.118589208875
110102,42942.458302252715
110103,22002.7618587308
110104,3994.3692538672435
110105,7842.871776648013
110106,58337.27391635996
110110,18353.616318498043
110111,35345.05655301609
110112,40244.47095482847
110113,4489.065150304872
110114,966.1154216495387
110101,147461.46847688992
110107,6024.627432876416
110108,30457.343636811736
110109,6690.519094499425
110301,29077.05325063561
110302,1366.4178657261943
110303,2685.3555594607787
110304,12087.667920200285
110305,17627.58059555562
110401,7371.682381605296
110402,1498.3806004703795
110403,2367.513466581491
110405,306.1796842719041
110404,986.388103175205
110501,56868.10472888781
110502,1537.4668466009527
110503,6658.001665721269
110504,17309.718629966075
110505,12548.78471718435
110506,14576.875218284642
110507,26061.639435486486
110508,21376.01596950132
120301,25168.109292177924
120302,103011.78087976141
120303,93401.90045462198
120304,8296.89538108808
120306,1532.8584289033806
120305,30458.166359580966
120908,1700.4141851327001
120901,18453.13506135777
120904,4814.813213255301
120903,4180.144493879001
120909,3809.40382751704
120906,2102.347468885225
120902,6010.800951970872
120907,3567.9249304346035
120905,6830.63443544636
120210,5395.637459004042
120215,2075.237678592814
120207,1119.7038601214392
120205,1643.2050389568863
120209,1572.3582259576651
120204,3205.4407864260897
120211,1410.6005364046387
120201,15462.103678719079
120212,1473.4447151988159
120208,1250.4130946241753
120213,4172.481123381451
120202,1544.4352251406522
120214,6228.4573847875035
120203,4543.2291581537265
120206,6214.251532804131
120114,191290.41649135124
120125,19765.726632070542
120127,1782.0977010924005
120135,7934.367130495697
120133,13265.943288582059
120126,4958.81086637439
120119,28159.475627263848
120101,123268.79185429536
120130,10965.93600282435
120122,2545.612324278129
120124,5562.315923160477
120134,14603.484372027016
120129,12358.772833366307
120132,4139.600809878462
120117,5177.0346802514605
120128,4529.47361032292
120105,750.1543699817419
120104,1923.7642202102309
120120,807.8787842111254
120108,1288.8510001985533
120106,830.8360251361726
120112,2023.5560780079936
120113,2137.3657819277814
120116,1238.1822320224605
120111,1754.0273200659192
120136,2327.7095202392215
120121,8376.45462951134
120107,96581.70357655932
120413,1575.7884392101403
120423,1707.81230999543
120403,4001.290399292024
120420,1099.3305053044764
120421,2304.2135879896714
120409,878.8956799293704
120428,2951.053211857028
120407,2249.576242676318
120408,1747.0256084431912
120425,1103.3714909374191
120404,1081.7417653998905
120434,9477.05500307441
120414,957.4415742193291
120410,1493.6167348899094
120405,1696.7980605936389
120424,1294.558223444573
120411,662.7797557824829
120417,727.7519229746761
120412,643.5612790780905
120415,1494.7954099419064
120406,1627.233105568675
120422,956.6211905499594
120433,1269.2656329491488
120432,1198.932053108953
120427,1509.246638717003
120419,994.523340618627
120430,3502.2087823930897
120429,790.7206933813061
120431,5270.645511423515
120401,14517.266496456594
120416,2023.5229280173337
120418,1455.822497220523
120402,6966.203075402732
120426,1952.9730684132428
120502,7777.241132548763
120504,6221.115902364388
120501,8991.031235320967
120503,1676.6973853403258
120609,11438.049344281279
120608,102607.0679612647
120603,8116.438676133503
120605,15102.301291106356
120606,80511.42003762137
120602,7810.022090234181
120601,54134.45744846377
120607,35106.954302898535
120604,97195.53678172396
120704,15913.413982073558
120703,3191.1255746516617
120701,45673.4977175705
120709,6964.464606461958
120705,3479.526469064204
120702,13970.647252654519
120706,4952.264384229506
120707,10568.114596162255
120708,5812.321357842109
120805,4051.2362090509
120802,690.0370838970001
120803,1436.0334306274674
120810,4988.850612199528
120808,10477.315344029905
120801,12140.649286261743
120806,1645.1201459342578
120804,1281.387741875592
120807,2798.6917862113537
120809,1085.6974736131685
130201,6971.046948483564
130202,16152.351969024256
130203,10678.110974163157
130204,3746.614363716188
130205,27817.0455481419
130206,8326.425053853578
130207,19546.24528116946
130208,30309.529603521296
130301,4977.703755722407
130302,4142.808182015085
130303,1973.808757562075
130304,2192.6298835262955
130305,2601.6233290197342
130306,742.4661125925388
130401,51323.11760919521
130402,30291.31367888307
130403,16539.712622447118
131101,14211.640485009013
131102,7939.944029640571
131103,1970.9263443972757
131104,7886.05912955464
130501,11471.056322770415
130502,5256.3041977202565
130503,5662.519104608898
130504,8183.974699839824
130601,26661.98218633269
130602,9939.979838215333
130604,2753.6439551905087
130605,5216.371198134801
130606,682.8870094889375
130608,3013.2425275439136
130610,740.6814060663766
130611,5890.626109140473
130613,8897.657460551716
130614,29876.79993988168
130703,4113.053979946819
130704,27752.239761740966
130705,12777.434692675513
130701,16608.767752787986
130702,50234.82391380513
130801,15670.207296445407
130802,3890.007572221652
130803,14964.236515700242
130804,6611.831693443273
130805,4925.696278129247
130806,4655.754055482582
130813,2751.871765883296
130807,1931.7818838031299
130808,25586.188348581447
130809,10231.070204214991
130810,3669.2647265501137
130811,2472.0657553702395
130812,3117.1747475278726
130907,10604.815947012872
130908,14556.903315981954
130902,19958.198279041695
130903,9868.845641169815
130904,8826.43363861161
130901,71307.72366517446
130905,18280.817313919244
130906,16332.825094145242
131002,8287.910360424914
131003,9197.478811547599
131004,2616.709296169468
131007,3236.4120652924125
131008,3216.7820341568386
131001,21052.47784546415
131005,2662.1639022108975
131006,14812.447675343998
130102,250357.06405834432
130107,37518.72742143614
130108,3936.9977312819856
130101,331059.7267603895
130104,72530.935438228
130109,22086.7356392701
130110,4561.656321516252
130111,87802.04483478771
130106,39565.4371953238
130103,34168.07137427237
130105,224683.52237505617
131201,98552.59688227026
131202,47658.8184109811
131203,12414.943378539048
140103,9954.032378471156
140106,97251.67157217563
140107,10444.040678662077
140108,32509.593322102024
140114,11944.01824226894
140115,13671.024959769256
140116,19254.538286685045
140104,1656.6202321870205
140105,213805.86229281803
140101,295636.3656391836
140102,18245.93928501177
140110,9525.417805439418
140111,10259.77990862518
140112,52159.957186456064
140117,24025.635918837277
140118,28694.053453288
140119,10234.189539486188
140120,31852.459884143118
140109,2239.8768539994808
140113,16648.323373089
140202,15062.496009238384
140203,15043.248395887123
140201,37339.596422396695
140204,4821.304094912447
140205,27590.51893692431
140206,12289.39852563165
140301,86585.62951394024
140302,1033.2843845923792
140304,19211.665067518923
140305,19398.539483511817
140306,49948.19300091901
140307,27537.345323925718
140308,43850.99934676408
140303,9145.426840702237
140309,7282.445041924847
140310,12769.206613447423
140311,19220.79581563684
140312,23852.726200523764
150201,76622.64473681067
150202,21207.51886203326
150204,24011.14966308227
150205,11435.362679066959
150203,21375.546975234727
150304,939.2390193813136
150305,998.0270649164042
150301,1964.8244084828698
150302,777.5698650140164
150303,3426.7947834728366
150401,2771.2172998033107
150402,690.2822915504568
150403,1241.3451095099215
150404,737.1564939806755
150405,853.2191256224739
150406,542.1629517218175
150407,14777.054996035535
150507,42343.79203908833
150509,39188.78038497012
150512,16598.051390486384
150515,2885.46413083047
150503,2387.6700943333244
150504,8263.094653537717
150506,1048.5752066355944
150508,4916.400592284464
150510,27055.45511642158
150511,1590.779095986529
150513,4297.582536475624
150514,13706.91315930257
150516,1985.3964589186369
150501,63789.47114728699
150502,11962.222957425856
150505,19139.680349883383
150607,360.9512072662928
150608,389.7124077724795
150609,718.8735121465584
150610,1586.1652457001612
150612,393.72642619290013
150601,112005.3112839868
150605,69521.2009161919
150611,867.7597716837456
150602,561.0633138402791
150603,1081.049226175819
150604,22778.7735974724
150606,2238.5887831485225
150701,3614.4498710946996
150702,1333.5332270179388
150703,6601.224739266259
150704,2896.7156472814195
150705,8384.492360372884
150706,362.4250388677195
150707,4905.5465719243775
150708,3914.622880477043
150709,1269.0438840066167
150710,650.2919121796805
150711,828.6469628371448
150712,3962.7903037079946
150713,1374.923871874815
150714,7356.794206954782
150715,1309.97121555787
150716,7143.343312701918
150717,3167.8246524411825
150718,1149.6662868860212
150719,3101.878982578592
150720,485.44584433898734
150721,1597.4522594513176
150722,5441.34170499092
150723,1671.554560617158
150724,1212.137145936704
150725,247.63088265556254
150726,593.1591524563371
150727,2415.923218795981
150728,16213.346911295843
150729,545.7299467998939
150730,868.8456789086001
150731,7647.332741325291
150732,1835.3677753761324
150806,39271.021154070186
150807,1970.5268189812437
150802,2700.647527946432
150804,2003.1115566654064
150808,2067.917679092171
150809,1390.4294574289534
150811,25933.78955809661
150812,23789.06321270961
150801,58597.646077114725
150803,6107.703232467876
150805,26703.93562451343
150810,41202.268132621444
150118,279982.8830219058
150113,67148.27639217005
150101,268786.35263757117
150116,46693.296028870216
150122,78617.42012375472
150120,44186.415230455605
150121,75294.6816122317
150130,115347.85033448167
150134,58909.006790789455
150136,127778.04197374229
150137,277810.1797100441
150141,88714.95146550197
150105,71673.08487177828
150128,166724.05909983325
150112,233396.2089282392
150132,1349752.4931826745
150139,24892.2528312889
150131,65591.66872702206
150115,162987.67026208615
150104,24143.117720944276
150102,53781.690601130686
150103,813452.15926718
150107,48033.072168588216
150125,493780.29190344264
150133,372015.75860615546
150140,438981.5049360243
150142,554613.788086715
150143,540627.8677263837
150135,834749.6915689048
150110,590995.5738480291
150111,207983.2561468835
150114,220183.1595040283
150117,438349.703160305
150106,403054.24449738464
150109,73300.40798426993
150119,107554.488124248
150123,214877.54897024742
150124,20317.23973274749
150126,8636.839285146432
150127,10849.561060555454
150108,409057.33862182
150138,1464.2372382383132
150129,9591.142087259506
150902,1004.8001249003138
150903,1173.1481006910988
150904,1641.27472994231
150905,1289.6594508216124
150901,16133.08562290112
150906,3427.7695438543155
151001,3602.8692232003614
151002,752.1175705660124
151003,2911.8018016412852
151004,718.6908749002345
151005,531.4292887793016
151007,382.7985217201302
151010,599.7186254914935
151013,169.40289491542114
151014,1919.2204953402245
151016,932.2280363815596
151017,474.7818131123304
151018,785.278976670324
151020,785.6206955987362
151021,438.3464495965425
151022,579.7605530684903
151024,1001.3465184176848
151025,538.1227507297236
151026,572.4928522128397
151027,381.7841197194207
151028,495.0434546923609
151029,458.4704859728009
151030,1253.5932732902982
151033,827.4011949778888
151008,943.9618829532501
151009,1504.289186853214
151012,403.64607639272526
151015,566.5432279872541
151019,1161.444674243347
151023,507.6781165006152
151031,605.2047093928402
151032,1889.7205149458468
151011,1410.0836004650766
151006,335.7000318823088
160202,20772.450357007732
160205,4968.261407226548
160206,14006.352404302157
160210,7661.916161038664
160211,7121.832157628125
160201,74809.59790734082
160701,19415.941305107528
160702,7787.0661022522445
160703,11691.485129734476
160704,35481.79664508829
160705,7754.424299347777
160706,14111.010502780075
160305,16489.63130578287
160301,33283.736914024914
160302,9108.996729555014
160303,10720.761091831377
160304,12651.527946643027
160401,32344.899700882095
160402,19633.038050874602
160403,22288.397356719957
160404,16897.184516263944
160101,197915.05939416878
160102,25386.610380003614
160103,32879.00556783641
160104,10617.72961744248
160105,9590.988621079718
160106,15860.703766815963
160107,17838.03925850947
160108,130083.78412145161
160110,4577.263059372642
160112,43151.40320303814
160113,111037.92596408818
160804,5655.510085274652
160802,981.4705218000846
160801,2990.882684163549
160803,6700.479019831471
160502,1938.0396109041237
160503,4501.492379519966
160504,7817.676076438302
160505,8250.801267773717
160506,6986.511174555015
160507,6132.824751304046
160508,867.510019934137
160501,30924.089357841392
160509,1291.9190656818212
160510,6280.520736361599
160511,3310.9045948461244
160601,30681.641955849213
160602,3180.829266786869
160603,9115.788603723522
160604,14288.510353082038
160605,17009.43929982073
160606,10123.091779644938
170204,18992.884052277634
170201,7528.083308758885
170203,9453.013913724786
170202,3387.4176124010046
170301,1826.856784101577
170303,4527.805553900116
170302,10919.592158403071
170102,13497.940896396925
170104,7885.137468631796
170101,100006.03210526642
170103,6584.272766363539
180201,5408.593775728911
180202,3104.0331111416194
180203,1102.6982196711824
180204,5978.124609562144
180205,2582.454481233362
180206,2781.95244504013
180207,1434.3257030342097
180208,2485.291381862527
180209,1958.756394060138
180210,3991.475264860287
180211,3452.623256636821
180301,72507.80974858563
180302,385.8277616609637
180303,2915.277458785129
180101,66712.91871638785
180102,6398.376334031051
180103,2193.530199551972
180104,6828.819262564076
180105,4467.875388934345
180106,5594.370643053305
190203,6310.145583111866
190202,5018.973299042663
190205,2486.5259611461956
190207,4934.058887122837
190204,1778.230403447999
190208,1617.53721037431
190206,34037.92644816604
190201,14026.201856987233
190306,24119.306967929468
190301,16341.693365603256
190307,25533.141317144728
190302,4226.0462938290775
190303,7474.027262853029
190305,7448.956225544528
190308,12244.875966947902
190304,12985.099535484474
190104,13219.250462355114
190112,2273.5303205947357
190105,3552.314651603892
190111,7034.5925761701665
190101,28885.825253863797
190107,30979.498539318527
190113,35025.28518185538
190109,12143.034324755148
190110,25762.9947196631
190108,10019.382779428297
190103,9543.99402802886
190106,6188.723461465886
190102,6669.801665503478
200206,25437.430113428698
200202,25814.8613011194
200208,13407.995711270294
200204,7774.63479647432
200207,11078.122118585623
200205,6518.434802742906
200201,39711.02024180422
200203,2654.0793228062203
200209,1682.525321058316
200210,12963.558320889535
200301,31316.734090776943
200305,4425.710464072959
200304,43633.68603133941
200306,9082.175498639226
200302,7922.156753448671
200308,11117.624471158453
200307,8999.54629762479
200303,14932.9091102428
200402,7714.216134968307
200405,14374.295778767417
200410,9502.91968787655
200404,12990.272965300057
200403,8664.882979396203
200401,75909.93915015415
200406,8529.36786260537
200407,6466.2177713110805
200408,4046.121903891334
200409,6923.7038379187725
200501,116248.4618282219
200504,13033.293481642466
200506,4651.728473174499
200507,4709.975218604583
200502,2459.9844847285353
200503,948.5588039220545
200505,12576.223950834614
200105,76916.45348119397
200101,172878.72240067378
200104,167514.47547441153
200111,27806.01284612805
200115,163630.0895386089
200108,4823.92206211714
200109,41912.74015894252
200107,20758.321829961238
200110,45645.80776544149
200114,145141.14091057234
200801,53251.44400451929
200804,4413.44961906729
200806,3459.825132082488
200803,8446.413066721687
200802,4649.216939926381
200805,14763.795573602656
200603,22296.13509711281
200607,26233.33512540688
200604,13425.015909091395
200602,38905.13116489859
200605,31764.10553929666
200608,7478.98137830712
200606,12307.215944537887
200601,202804.06112986463
200703,11373.592578871996
200701,90649.69484972877
200704,1740.5018164103483
200705,9207.037535959727
200706,15058.503434983031
200702,7126.227043425598
210202,4827.717660926372
210210,13995.299170293049
210205,2960.7984414318066
210203,6768.577771493018
210206,12214.014580239695
210214,4756.166664879234
210213,4531.093463737441
210215,3036.675534431517
210201,28281.819029271468
210204,17413.354993020912
210208,8615.739946593158
210211,10555.656780920057
210212,5556.506014435277
210209,6430.207013866254
210207,5593.989710140359
210306,10609.730858538338
210302,2384.4729892140504
210301,14972.994556476619
210310,45440.47140505526
210305,4498.314932256659
210307,7150.725571361111
210308,6599.056439166364
210304,21123.44634043983
210303,15769.891985492475
210309,4405.371172925842
210405,16019.03417772188
210404,36219.37020857226
210403,36485.43091900797
210402,49521.06849017796
210407,20413.499067487843
210401,22567.870820016215
210406,16680.556513021264
210502,2493.498687161673
210504,7498.108644108728
210505,4848.145763929033
210503,11938.107192986201
210501,60471.27007559395
210607,13570.240485093314
210605,8313.762064256622
210606,4765.035607510575
210601,16711.877787827634
210608,7543.576886233319
210602,4201.463729115909
210603,6510.19738460712
210604,3091.5460135223047
210703,1518.275463333588
210701,10749.539683162246
210709,8008.338231107558
210702,5632.732012186746
210707,14779.505970708891
210704,2797.976674546287
210706,2992.0794456876674
210710,6852.206051405824
210708,5375.187670881784
210705,3675.899635103132
210808,7571.431134791948
210804,5426.849260548417
210809,4606.699102808352
210803,3854.1655329372716
210801,22122.782703331264
210805,8895.871228296674
210807,11016.036486600357
210806,10913.85079606274
210802,4229.598465494728
210903,4368.9628142343845
210904,2313.7619458197823
210902,2444.6332475204654
210901,14601.776324742288
210106,6045.8116729585
210101,154545.84202451984
210114,1662.0856392518108
210109,5346.251397674581
210110,5437.679489769645
210115,3145.269699951006
210104,5815.914984421738
210103,4421.504984877159
210108,14195.555528064957
210107,8333.892981226834
210105,11359.977828719473
210111,5153.582908528048
210113,5038.772403331622
210102,27031.85851056448
210112,7228.280236892739
211003,3296.1928160550715
211004,6373.94047741436
211001,32388.13551604796
211002,46511.93296951164
211005,1848.6501837899507
211105,68942.61669907068
211102,4095.0854741357134
211103,5425.020966445028
211101,256053.48780661478
211104,3024.3765806143
211202,4713.029548346302
211204,3841.0852735129624
211201,13454.509104034498
211206,2552.444732811451
211208,2855.84704168207
211207,13708.538505371562
211205,5660.296794437745
211209,8906.297289008524
211203,4866.430879418807
211210,14866.684973809872
211303,4769.063411528107
211302,4508.9123747348785
211307,3961.864702002675
211305,5917.855415427329
211304,1042.2699722667091
211301,26478.036147357852
211306,1597.2740632543373
220202,9818.695117702937
220204,4188.039368123476
220203,34277.957463364255
220206,10338.811826497484
220201,14727.538180132462
220205,9673.873287013032
220304,17910.32693506766
220302,2338.44684371104
220301,13901.11165509369
220305,3728.0753645737063
220303,17880.056459861826
220405,2846.6567789261194
220406,1067.0457662323083
220403,4832.938416179517
220404,4391.700113255927
220401,11536.009752711168
220402,4173.448313747173
220511,4766.409268210007
220505,4559.34244429451
220501,13522.520508932841
220507,2396.4569557975606
220509,4543.4080133029665
220510,12989.125797781027
220502,8125.40650076791
220504,9043.777472496311
220503,5296.731948445327
220506,6982.7676934298
220508,1394.4832404755298
220602,5404.512188865787
220605,7517.6064135581855
220601,27240.99504939757
220603,7023.702436483857
220604,4266.9458105913845
220103,2335.5532804521836
220105,53371.03516499197
220104,41556.17073030143
220101,105469.26487603846
220102,4799.026745850033
220106,3880.8328283243195
220703,2155.578332664569
220707,7285.250941757103
220706,1684.440266277629
220708,19029.703406991903
220709,5167.792031695643
220701,9713.569003217035
220705,2359.135484893995
220704,708.5238945204987
220710,6805.01669278734
220702,3668.038200409809
220808,4291.631956212298
220801,26547.120672029127
220803,18233.177433504774
220804,57072.04433261872
220806,1686.5394433370395
220809,4382.600750290002
220807,3167.0715907742892
220802,17851.50958804397
220805,28563.293015417905
220912,1068.1142622531227
220913,22710.283414503414
220902,1010.4063900436983
220908,3213.402563987897
220914,2138.955964122508
220904,8344.756896428753
220909,56854.44544163744
220910,36920.03818854009
220901,85769.7353089544
220903,5254.09339110334
220907,4052.1965421435793
220905,1782.6666745016464
220911,2699.5039263385233
220906,3539.467217136948
221005,20172.84391049685
221002,13302.543872335382
221004,954.8044130111191
221001,25437.4219327892
221003,17574.109956800294
230201,2972.7604858757527
230202,1226.4759615169444
230203,1347.7174074565182
230204,157.20677558645136
230205,830.1367092363798
230206,1216.902141443921
230301,3309.894166270617
230302,2600.163114735487
230303,3246.401601761913
230111,19142.91826063533
230101,106649.4687874029
230103,3620.001479017924
230105,13094.375481367842
230106,1846.2320990656226
230107,1904.3016984987878
230108,28120.732778448815
230109,2777.218813795661
230110,92725.43706763817
230102,52015.66347045265
230104,40929.82415397103
230407,408.5848324220208
230408,502.60827031944245
230401,3192.967596801128
230402,788.4852449156468
230403,880.3079458524155
230404,928.115156171556
230405,851.2959488226988
230406,760.2506813199541
240201,13311.833764227953
240202,1855.7373600963294
240203,5737.436170144364
240101,116227.67390169507
240102,24506.882680213523
240103,9063.925807490536
240104,7328.366020829096
240105,8434.912092526207
240106,3981.250282691029
240301,26137.56067902131
240302,30239.525611732715
240303,3130.0485473808235
240304,5931.210967705115
250202,11564.002940792136
250201,42174.272545247586
250203,9958.667323041516
250204,4006.1631862616423
250103,12465.383323633556
250104,11219.766787695096
250107,75854.66380101113
250105,223791.50006312708
250101,136629.79497280825
250102,13259.413797777266
250106,4912.659149571153
250301,30092.81132972686
250305,5696.495372315267
250302,19138.752400182326
250304,8494.59749303052
250303,10779.376532739487
250401,5457.419388976497
