ubigeo,urban_prop
010204,0.0356708054402665
010201,0.41214468747250566
010206,0.05455470936435155
010202,0.00666403837331738
010205,0.004117352244898182
010203,0.045134169136756795
010311,0.009249804117745659
010303,0.020679337131700906
010309,0.0029595087054846035
010307,0.10286295644272327
010308,0.0
010301,0.05794407937651913
010305,0.011413409358399408
010310,0.00556446056092021
010302,0.0
010306,0.07029974246819318
010304,0.0
010312,0.005745163158955689
010106,0.004549028962800579
010103,0.0027458637222559173
010110,0.006768913567597756
010113,0.009293338953235072
010115,0.002162088456857911
010109,0.009938528016039552
010112,0.005280134215000515
010119,0.0011276903370449625
010120,0.0038627713538345264
010104,0.006155231849752674
010118,0.0033326510692438466
010101,0.4138000336502928
010114,0.0054830779930494225
010121,0.0
010108,0.010520203811055793
010117,1.0210389354834006E-4
010107,0.0019304528919655373
010105,0.0
010102,0.0
010116,0.0
010111,0.001742760258235311
010401,0.010314279675138448
010402,1.596273353379645E-4
010403,6.725310477792714E-4
010517,0.003598326412839137
010521,0.004050041517440626
010503,1.9720930559117482E-4
010514,4.769873523735755E-4
010519,4.201951978001692E-4
010511,0.0015451803508395054
010507,0.0013365986923739234
010522,0.009911250952601435
010504,0.0033741801992257653
010513,9.706989946263792E-4
010515,0.001881507028626634
010506,0.0016111272758206313
010502,0.019408340563859934
010508,0.00944891132589994
010509,0.08325256045115006
010523,0.002532075365544878
010512,0.00883680683884848
010505,0.0
010501,0.07829490472506685
010516,0.01622651371390219
010520,0.001832872446119438
010510,0.0
010518,0.01004225150124064
010602,0.0019534317901648505
010608,0.002203829330437279
010605,0.0031504849957620473
010604,0.032421319008979425
010601,0.21948647509147365
010606,0.021904120702085736
010611,0.00916033492302419
010609,0.0014080294069627492
010603,0.01222705809326099
010607,0.04446740589789796
010612,3.8873012547822476E-4
010610,0.010087235975029854
010703,0.020443706067416408
010702,0.02225875158914485
010706,0.003750675551277326
010704,0.04726726688460261
010701,0.28972314744765876
010707,0.005555503275917391
010705,0.008298639425375653
020205,0.01181395790919482
020204,0.0030418370216445984
020201,0.024400363522071797
020202,0.0023731597059853927
020203,0.006993460824193054
020301,0.0486823805016578
020305,0.010014000406073689
020306,0.009004580292155414
020302,0.01679409672566451
020303,0.04954806215711667
020304,0.03636104124797708
020401,0.023684039339619038
020402,0.005595123931815076
020502,0.0
020503,0.008638191249796928
020505,0.01401226312825567
020506,0.005549160470280003
020507,0.041349154577377964
020511,0.0
020512,0.00252953582733279
020513,0.00515691526263467
020514,0.0016286802799658534
020515,0.0020369473095831823
020504,0.019125598780895217
020508,0.05717533288715992
020509,0.024543635717899248
020510,2.956117693300734E-4
020501,0.16016946374784205
020608,0.004696393526812708
020609,0.027527921195134048
020610,0.08233911821501858
020611,0.04906167406876146
020601,0.25358521856916943
020602,0.06559742377219449
020603,0.021504609901805152
020604,0.028456988862362052
020605,0.014234934383416059
020606,0.053759033232324255
020607,0.05268409766946083
020701,0.06376664554155395
020702,0.00206335534679689
020703,0.006252763276000472
020801,0.28868315232314357
020802,0.021768596923758394
020803,0.031403698676429725
020804,0.05010593969858787
020901,0.03730783304879977
020902,0.0019714227133481544
020903,0.0
020904,0.001539156621479925
020905,0.03759429482555475
020906,0.0022895144007169166
020907,0.014219261469429026
020105,0.3959170928250384
020103,0.0
020101,0.5778620214699279
020102,0.0
020104,0.004872026365230779
020106,0.058949986630647044
020107,0.0
020108,0.010984735731310442
020109,0.0021621837882986714
020110,0.10466603100855487
020111,0.002194038012637354
020112,0.11061993062088103
021001,0.09553404931245775
021002,0.009711521581729752
021003,0.00672534234304703
021004,0.02452526220409748
021005,0.016286308146089102
021006,0.017514304332171198
021007,0.013371657427061293
021008,0.053456940523618386
021009,0.017490640050870105
021010,0.014369949678625756
021011,0.018146655711391575
021012,0.032446845485449405
021013,0.006318996980459771
021014,0.020203456482634205
021015,0.006144106354484278
021016,0.025677424157092857
021101,0.1946815171078048
021102,0.0019760636396248562
021103,0.0207798868439415
021104,0.01822522951710964
021105,9.200775405748427E-5
021206,0.0026165312242171852
021202,0.0
021203,0.005803898450900558
021204,0.0804917343436143
021205,0.011100957918236754
021208,0.009408161828622637
021209,0.014750848902626882
021210,7.51929026945119E-4
021201,0.3000653418419257
021207,0.020353813536273475
021301,0.06595296203778873
021302,0.0025125472741691583
021303,0.0
021304,0.0
021305,9.630195726666315E-4
021306,0.002465397769664728
021307,0.003771048505028827
021308,0.0044380703248788865
021409,0.001811816921765785
021410,8.034871354623202E-4
021401,0.0057820568609687475
021402,0.002810053129913648
021403,0.0
021404,0.0010417656226074808
021406,0.006559367972131212
021407,5.764861604439952E-4
021408,0.0018559699051699339
021405,0.0033931550254125238
021508,0.019783702146661357
021509,0.0070316764050151435
021510,0.015768000510011156
021511,0.04753893336514306
021501,0.032477516210166854
021502,0.015283210135408254
021503,0.027109861922758882
021504,0.004023194144555587
021505,0.019998086001623176
021506,0.011664748648630548
021507,0.0
021601,0.0569139092709588
021602,0.002331140990780483
021603,0.008678998070374132
021604,0.002995888485975781
021702,0.03742940133565076
021703,0.006535971353889134
021704,0.0031744051949772947
021705,0.015396967933700559
021706,0.011146481033008785
021707,0.002301653840616479
021708,0.002100278242469383
021709,0.006188610844839908
021701,0.07110338887943933
021710,0.05533616702342748
021809,0.5254139778646555
021801,0.5822822523401776
021802,0.007762160368363671
021804,0.0
021808,0.3267554441291767
021803,0.5170393511842449
021805,0.06621715046753826
021806,0.16234605691637571
021807,0.09278299263565377
021901,0.25297429238760777
021902,0.00530457582305183
021903,0.0015558700652509012
021904,0.014122359510289463
021905,0.002398180946111117
021906,0.007148491014854654
021907,0.03896797120648605
021908,0.0029557542061453114
021909,0.003579665371229412
021910,0.011879072929766803
022001,0.14850286453605469
022002,0.0
022003,0.04657276810889758
022004,8.820317589791112E-4
022005,0.009291597979222195
022006,0.03628404487763838
022007,0.0026518430321846587
022008,0.01412124405908159
030108,0.01299643034334896
030104,0.11096877316328635
030105,0.003239975910717372
030109,0.3780755349270425
030101,0.5161013374680147
030102,0.003207581596129962
030107,0.0031485067498562957
030106,0.0019938942564777557
030103,0.0019443345265722448
030216,0.23312521851671256
030208,0.0028819843313970532
030209,0.029683406553410688
030215,0.04452892030884635
030202,0.011238210209379961
030219,0.0034307547060289287
030214,0.01849740696391751
030206,0.007636399834865128
030210,0.012463082724529612
030211,0.015758963462560296
030217,0.0014361435584525819
030203,0.0011020906767251178
030218,0.014650833601809238
030205,0.007407465777833393
030212,0.0026759710909823233
030207,0.010397189176357203
030213,0.2707297089499594
030204,0.04784543179478966
030201,0.37247516405259573
030220,0.04718219430790256
030304,0.005702511724275656
030301,0.031466760080176244
030303,0.008893378208787968
030307,0.0050127281304445034
030305,0.006277309031323267
030306,0.0021074137276325708
030302,0.0039319852599296245
030415,0.013424197115928883
030409,0.0030436770856945056
030404,0.004138066334567957
030405,0.00353357580438974
030406,0.007396849212392262
030403,0.0035810758599004004
030401,0.06386872601241211
030410,0.0015484411719540326
030417,0.008785800325801703
030412,0.002780332139002946
030413,0.0018630360245399527
030414,0.0010787111730772964
030402,0.002188148437828575
030407,3.998443191862419E-4
030408,5.069862685256669E-4
030411,0.003460341373606826
030416,0.005071198022699055
030601,0.05575478141658494
030605,0.015586728968205397
030602,0.279946581564863
030610,0.013891592046270117
030609,0.01943415660427866
030611,0.010612254855694687
030607,0.010170836282145018
030603,0.009648480029826502
030608,0.03736196616432415
030606,0.015613321150838863
030604,0.030062075820671885
030502,0.0030279784257023264
030504,0.02987415257214916
030506,0.036120421236079926
030505,0.013237770743976833
030501,0.018764364342038174
030503,0.011394914399858274
030713,0.004985159614306405
030705,0.006537476729332743
030711,0.0036992442714489323
030709,0.005641565274825487
030707,0.0028550686204332587
030710,0.003035004154781902
030701,0.028236005500588916
030712,0.07737658254091277
030706,0.0038057484654563764
030703,0.0010180656207552585
030708,0.006179125930262977
030714,0.001513478017169146
030702,0.0024894450672994987
030704,0.003519379801663968
040115,0.03473194384310327
040119,7.054989886410083E-4
040120,0.01497849828302968
040121,0.09967161672408761
040122,0.566709572758254
040123,0.13252653219703403
040124,0.09557858026635555
040125,0.015525500738859213
040127,0.0029293222868251255
040128,0.17903414973801912
040103,0.6057917834585124
040104,0.5489950441814659
040111,0.07982790158178928
040113,6.710761743896434E-4
040116,0.21680826285412375
040118,0.006153347758890754
040101,0.8415911880084035
040102,0.6292114271972485
040129,0.8066640867306696
040110,0.7213163776166854
040112,0.7763420535988165
040117,0.2673749232914907
040107,0.44539042035706317
040109,0.8300081056011233
040126,0.7211396287868143
040105,0.42666524336409345
040106,0.008815136722558107
040108,0.13873094196270863
040114,0.0011881001262246413
040201,0.4494087538872374
040202,0.01882696397412681
040203,0.029551961395294632
040204,0.014352523368177918
040205,0.07474618834571178
040206,0.018208160776407068
040207,0.0
040208,0.14376510524654806
040302,0.035044461525178316
040305,0.036210873379345934
040301,0.07928661337573403
040303,0.05818637090375484
040304,0.0
040306,0.0036011550535653652
040307,0.0
040308,2.9059901341157307E-4
040309,0.0
040310,0.06694017867566972
040311,0.08940712786492726
040312,0.00494429314913957
040313,0.038575842944743366
040408,0.020832861586383228
040409,0.12875109877136617
040410,0.08810183264929662
040412,0.0
040413,0.025453217517664092
040414,0.052869753550164586
040411,0.0
040401,0.046075307307734466
040402,0.009852448434876555
040403,0.0
040404,0.006400888864414649
040405,0.004845076560926488
040406,1.3004261238843965E-4
040407,0.01856351135192511
040506,0.04743361290377927
040507,0.02199343542289174
040508,0.0599072269921371
040509,0.04319789386398377
040510,0.041504128974211865
040511,8.03093164211538E-4
040512,0.04250650705105971
040513,0.0815719639578481
040504,0.007634931196891012
040514,0.0030521677773325817
040502,0.03831395258709662
040515,9.850623668252417E-5
040516,0.0
040517,8.249916682325612E-4
040501,0.22738844619979925
040503,0.06331639095943423
040505,0.023414852548493723
040518,0.018304664162489694
040519,0.05446040498505616
040520,0.2255907083780589
040608,0.005089773506699897
040601,0.13727229502613958
040602,0.007689936080127601
040603,0.006534206692521797
040604,0.004130992912172634
040605,0.006419566561740131
040606,0.013585927889257454
040607,0.0011008286878386815
040705,0.1497942745769098
040706,0.10331363499322736
040704,0.2594602969959763
040701,0.2829810242565094
040702,0.07992878269849442
040703,0.07416443284929815
040801,0.08517751631797021
040802,0.006278276827917882
040803,0.0
040804,0.008154504171867995
040805,0.0038397314185846395
040806,0.003250934485279389
040807,0.0
040810,0.007772671187885383
040811,0.002549825789025688
040808,0.004480877045912524
040809,0.0
050201,0.06156209031124144
050204,0.02124598840393536
050205,0.007912322885991193
050206,0.01861038540358817
050203,0.02856324539542076
050202,0.011672190025604611
050116,0.7877751653200725
050112,0.015353084713247664
050102,0.009298538490903029
050113,0.02849853026072384
050111,0.013241944075647893
050106,0.013012640945266019
050105,0.006841705254517247
050114,0.0068792136205500206
050110,0.893111360826475
050101,0.83613916473284
050115,0.7640827043406235
050109,0.0043638234947162135
050103,0.010899160381724043
050108,0.05538525515466186
050107,0.06291848662273627
050104,0.8847835717215923
050303,0.006822530146694705
050301,0.035118165255604364
050304,0.003298663407412972
050302,0.01743265682205634
050410,0.009407075505811033
050411,6.506547133126128E-4
050412,0.013816907091364086
050403,0.06599161498624284
050404,0.027271831225925
050401,0.4809855484101751
050405,0.05799531488635838
050406,0.005060350822687385
050402,0.001048380374141161
050407,0.04188859160704614
050408,0.041039563350496466
050409,0.04381591110893467
050510,0.011681735378300959
050505,0.0019703158482952967
050511,0.0
050504,4.37344477986093E-4
050502,0.03490445660850102
050501,0.037777924967242256
050508,0.08290281546997216
050507,0.0834699781355747
050503,0.05821684515566372
050509,0.07111757079643136
050506,8.641262193835527E-4
050609,5.526655282117524E-4
050619,0.038760307755473504
050605,0.02469150756509163
050621,0.001352666994082904
050614,0.006217179945890426
050617,0.009753517923029436
050615,0.02032607164558369
050601,0.27725677599673393
050616,0.01127670118949408
050611,0.007128824740596368
050613,0.004446932101827894
050612,0.0014144419994358193
050604,0.04774334968032462
050606,0.021857958811425993
050603,0.08924842677128589
050608,0.011026600702532635
050618,2.1037343875534128E-4
050610,0.002377355472738511
050620,0.08661212038627793
050602,0.021530816228812245
050607,0.00626573501161922
050706,0.01932234407951739
050705,0.005941483869733515
050702,0.01920580375840338
050701,0.16717260640689519
050707,0.0
050704,0.0
050708,0.003982492795353101
050703,1.4169208720348712E-4
050803,0.010029112984995078
050810,0.015844718047446842
050801,0.1480803263923314
050809,0.008728804275178775
050807,0.01721292903098225
050806,0.0032084973231557563
050804,0.02424600852569821
050802,0.0012309573913195733
050808,0.0
050805,0.015878627648488946
050909,0.004060349064521967
050908,0.004866685877567713
050905,0.0028746848378915536
050911,0.01511713742116239
050906,0.008130254502053708
050910,0.005653077118099555
050901,0.057286471877760745
050907,0.006952965775333911
050904,0.017603990609317968
050903,0.004457410551182194
050902,0.003292124245163314
051005,0.027415156270164255
051004,0.0012952581534936215
051003,0.0017185905186455199
051010,0.030720170115259893
051006,0.0238105243777916
051008,0.009469960531574041
051001,0.06761543358852257
051009,0.019370415337299673
051007,0.018835654119066046
051002,0.011348043824434502
051011,0.008466692367679338
051012,0.00605195926764366
051106,0.004270540422358674
051102,0.005638614212333004
051105,0.003653719859966654
051103,0.021441804329654597
051107,0.010222386710952543
051101,0.04273151993970909
051104,0.0023868149366828954
051108,0.00803326204775932
060201,0.23964913038912894
060202,0.004231253164611522
060203,0.009200627051152077
060204,0.003790045949408746
060101,0.4990676408803047
060103,0.009334795587128089
060104,7.671897657697206E-4
060106,0.07423882029222346
060107,0.03054936284196621
060108,0.17120268219930052
060109,0.0
060110,0.044156677551517864
060111,0.0209166840917393
060112,0.01257664119120878
060102,0.0069741731036582506
060105,0.012914028517757683
060302,0.0015438837968730081
060303,0.0020062821178018506
060301,0.3807055299700559
060304,0.0010592353954372484
060307,0.003057901786716159
060312,0.0107519324446835
060305,0.011353447799696385
060310,0.031490255590451564
060311,1.1372937318667653E-4
060306,0.02323804938734372
060308,0.0020508635913970047
060309,0.008356023748897832
060402,0.0032883717084684926
060404,0.008530413044684902
060405,0.0033526741717749245
060407,0.03842535998299207
060410,0.08343658361675332
060414,0.0019572671424051336
060418,0.0
060401,0.3024586940051712
060403,0.007594420488933952
060406,0.0011725995981738371
060408,0.005419853113973983
060409,0.015276237150215304
060411,0.00827491202411118
060412,0.0011480662989269345
060413,0.028275891793180047
060415,0.006212735605723711
060416,0.0
060417,0.04471132123914188
060419,0.005631008561357836
060504,0.0
060503,0.0
060505,0.007447536963828582
060501,0.07008296808144933
060502,0.08527210171189206
060506,0.0
060507,0.06917359521651388
060508,0.0650368185383237
060605,0.002178663079436014
060608,0.021231810369168727
060609,0.0029741403809501825
060610,0.0029080564432563062
060612,0.004335270890330201
060613,0.006331186119114001
060614,0.029283119441192922
060603,0.006289270187188007
060615,0.002266143645149743
060601,0.17765491393082644
060607,0.004062301825845805
060611,0.0011657769496401186
060602,0.0033805697031035384
060604,0.002029990236488807
060606,0.004246895128736705
060701,0.13040514985854124
060703,0.013362996344449837
060702,0.003632274600701587
060802,0.02333097799208395
060811,0.004061219449210866
060803,0.009183108810899867
060809,0.0060006634359381925
060801,0.4854919630722771
060807,0.005657264779833519
060804,0.008014641069550538
060805,0.007495506862283702
060808,0.056490036315575164
060812,0.01114489781773025
060810,0.0056712251218874535
060806,0.005761342911230317
060901,0.18266342423272894
060902,0.020570709864383727
060903,0.013224962039184735
060904,0.008603566403304315
060905,0.007542247962734291
060906,0.006193403643030628
060907,0.006157675397882856
061002,0.017058815390838408
061003,0.04647431207482568
061007,0.00445509711184927
061001,0.13093217597400242
061004,0.0033515018458624476
061005,0.06324550190617281
061006,0.0015935181137675342
061105,0.0032744467867625807
061109,0.01057664556571123
061110,0.003244787015318052
061104,0.0028022322091552847
061112,0.005346554209431804
061101,0.08868726889163765
061102,0.0
061103,0.0
061106,0.0
061107,0.0050229764625518225
061108,0.0
061111,0.0034838825433554208
061113,0.005380434785222385
061203,0.0
061201,0.08428763496796628
061202,0.0
061204,0.0
061301,0.13409438499891332
061302,0.020753874430463445
061303,0.003964803750853161
061304,0.0
061305,8.589199821043964E-4
061306,0.003927884974782314
061307,0.0011886960137919512
061308,0.0
061309,0.003105363652023927
061310,0.001537256296261811
061311,0.022153506002535392
070107,0.9469890431659572
070106,0.6725737087945202
070104,0.98474610668764
070103,0.9682260079003342
070101,0.9241814988542868
070102,0.9942525225998247
070105,0.6627732898126679
080201,0.09912732060176455
080202,0.05316341750015841
080204,0.041419187529111536
080205,0.08629478068924148
080206,0.007612460896386765
080207,0.10056159174317678
080203,0.04829562757585688
080305,0.09484740761076077
080301,0.17843886265966985
080306,0.006441302650919324
080307,0.008316014807214486
080308,0.06964048391359456
080302,0.03929995644559748
080303,0.08178079294152577
080304,0.0022185624248234974
080309,0.06788994701537657
080401,0.24780517051075152
080403,0.09534420610528889
080404,0.005800322998864598
080408,0.008038573679254105
080402,0.05374299128562724
080405,0.11895612140475088
080406,0.04327726163695373
080407,0.027770323554407044
080503,0.022893980774438025
080504,0.011941050702564189
080505,0.013250726377092445
080508,0.018477979739607932
080501,0.08131778822056687
080502,0.004842039751993745
080506,0.06060835072373735
080507,0.006527512581320399
080602,0.0404398305920409
080601,0.4077037980060262
080603,0.13513716889670427
080604,0.05095804635618857
080605,0.025095534984745486
080606,0.03822490410064498
080607,0.08439445292559346
080608,0.10736297544345572
080702,0.0055123972516936
080703,0.02609889186883016
080704,0.0200084451570349
080705,0.012122853783474082
080706,0.011840099245001491
080707,0.019975076489341492
080701,0.14736892531355147
080708,0.023972006164657476
080108,0.9172272950305904
080105,0.6631509200802155
080103,0.13801263240294193
080104,0.6127249944185137
080107,0.19545941147296025
080101,0.6208924668510412
080102,0.005836049008409566
080106,0.6707328873734467
080802,0.00638133602710703
080801,0.23644995056634635
080803,0.0074583369697041844
080804,0.0037018296243491286
080805,0.04494230293092248
080806,0.012268956395904923
080807,3.3433481410366354E-4
080808,0.004508224673820733
080911,0.005773368616343234
080912,0.02197738142526921
080913,0.014204070655020341
080902,0.01691948790477246
080910,0.27766940580448907
080901,0.4664807325133866
080914,0.014955718126968916
080903,0.02170252396115833
080904,0.023404607623693112
080905,0.002997584696504519
080906,0.020045760901943425
080907,0.09360234605936213
080908,0.07187721077037007
080909,0.003596100048617417
081003,0.003985018760143779
081005,0.006393572970494665
081006,0.003483453409143003
081007,0.008401165254699203
081008,0.01809901637329869
081009,0.006582119719228048
081001,0.0606839842802966
081002,0.019739196979057006
081004,0.007929041457346103
081105,0.07741940097574315
081103,0.005745664907601211
081106,0.010911729768966712
081101,0.045366642550760006
081104,0.009258251062371289
081102,0.010139365465466017
081201,0.16900755504347517
081202,0.11918718396310522
081206,0.017142029444300416
081207,0.08951633135958072
081208,0.08193762438917032
081212,0.04085631210968379
081209,0.008260282089306925
081210,0.025558718784222195
081211,0.2535415357656048
081204,0.008739235382597256
081205,0.07853584134597667
081203,0.005645120782779206
081303,0.050552801708772147
081305,0.07271863841517467
081302,0.15088804012163531
081304,0.024140818587602392
081306,0.045881111376496135
081307,0.09914365428663
081301,0.30877652758154206
090204,0.015194218581646783
090207,0.02725472323436684
090201,0.15813442716809295
090205,0.005385449934160948
090203,0.013604707797868132
090206,0.049922450228987475
090208,0.023649355937543692
090202,0.010677912577382397
090311,0.009277546431606287
090310,0.012571520984030731
090312,0.005795592906875003
090301,0.0737139216605859
090309,0.021948232895438183
090306,0.006059650594352612
090304,0.0448729902867495
090302,0.028173996654611313
090307,0.021546749485452946
090305,0.002646336453444973
090308,0.02565640652424326
090303,0.044445064138740706
090413,0.005023594242437621
090404,0.0
090410,0.0
090401,0.022983368093126802
090409,5.065272366766684E-4
090407,0.00905593760103988
090402,0.0047091398182734605
090412,0.02540410714553143
090408,0.0
090403,0.006184472318775728
090411,0.007508813244749582
090405,0.0
090406,0.001168847305563796
090504,0.0055258310730729385
090501,0.13014326036540766
090511,0.005354697085199395
090505,0.03185371391537105
090507,0.023570298120808644
090508,0.04376803050077694
090509,0.022918631870178143
090510,0.0016623990247032943
090506,0.038554485770903216
090503,0.005765830025270389
090502,0.015559025073493275
090106,0.03712929802305966
090101,0.3027612141822974
090117,0.027090409779154008
090118,0.317580011556758
090103,0.012707912078292952
090114,0.016737798290545346
090102,0.003337468852583315
090110,0.0015941868201891102
090119,0.037321179861414845
090113,0.007248250702179428
090109,0.018711263100286805
090108,0.05239180310815631
090104,0.042226913871036956
090116,0.002077592534208557
090112,0.024993720597610996
090107,0.007289031406647006
090105,0.009884236047329659
090115,0.012979230805612666
090111,0.10609513516774405
090612,0.005729892310125277
090614,0.0
090606,8.260436121716595E-4
090603,0.004992445027548028
090608,0.0010198680414895463
090605,0.0
090615,0.0
090602,0.012415515119728212
090604,0.0
090616,0.004989162717567275
090601,0.005130277918961176
090609,0.0
090610,4.666771238703817E-4
090607,0.005937037657298971
090613,5.979758121789807E-4
090611,0.0
090720,0.0019878762379222227
090721,0.00735514291006295
090722,0.011191388909076358
090723,0.007339618198168077
090703,0.014513088476693768
090706,0.15744181081832695
090701,0.3931369612964306
090704,0.06652891973916154
090710,0.053359372210701576
090709,0.005248505863907
090711,0.021256073491221425
090713,0.008100329063795802
090714,0.002488584873361184
090716,0.0026499181124558756
090715,0.006427724674032468
090719,0.011794216200926574
090705,0.043475861834943966
090718,0.011529016664856062
090717,0.02433864301143985
090707,0.01000224471968086
090702,0.01259478267870961
100207,0.01294812597604793
100201,0.1586402129954331
100202,0.015213222948323541
100203,0.0026198511982524235
100204,0.03978908733680914
100205,0.02334126697209081
100206,0.009560619105139756
100208,0.06331419610736598
100311,0.004172855628254134
100307,0.012890254864954041
100313,0.024198473146872453
100317,0.1747125967144989
100321,0.009762138878857657
100323,0.016535555308792665
100316,0.006223667560122032
100301,0.10610867648366748
100322,0.012890846895182176
100401,0.005992304228592796
100402,0.001661028059407261
100403,4.294320321353813E-4
100404,0.004246695656540966
100510,0.015060177772412102
100501,0.05917618595813664
100503,0.019206452921152667
100504,0.0075591972492597345
100505,0.003343324949459166
100502,0.0032904544563784176
100506,0.029905076321219137
100507,0.024173058345624214
100508,0.07452741838098047
100509,0.025824612288395346
100511,0.0036654889076274755
100113,0.014103273918377474
100101,0.6821384534031656
100102,0.5319900070856638
100110,0.0045671523659670706
100111,0.6436800033726829
100104,0.013652364775308533
100106,0.006222194255142577
100108,0.008185259016939834
100112,0.012831520226399135
100103,0.014988391903647676
100105,0.018497368701744787
100109,0.033997305664566546
100107,0.015824432809708133
101004,0.008398718489735984
101006,0.015984165936116897
101007,0.019727983173347747
101001,0.022425840829629864
101002,0.02135545181197038
101003,0.004915211348631277
101005,0.02349549248153498
100607,0.008484218527707378
100608,0.273067210634824
100609,0.004834356395686658
100610,0.015302560708663444
100603,0.001900294960394384
100601,0.49995445971205327
100602,2.310875609447965E-4
100605,0.1147278865831857
100606,0.02399221066518343
100604,0.1511625155553461
100704,0.014823047245453528
100705,0.0060615911391106
100701,0.039470034977301935
100703,0.0043072927667170855
100702,0.008021980053507596
100801,0.011204721464602255
100802,0.01689178336277052
100803,0.026933985375447916
100804,0.00836559748013054
100904,0.010859971449301656
100901,0.02686157013842818
100902,0.006053395003779668
100903,0.024784245930439538
100905,0.007143160695964799
101102,0.023517178151675082
101103,0.015534110742691223
101104,0.009794536025651253
101105,0.01135261719191167
101107,0.007274259024505327
101108,0.010788991430585402
101101,0.0197103214364311
101106,0.01952924534243436
110210,0.47015363257392834
110201,0.6156702636371929
110207,0.6622707936470349
110202,0.1555782717603448
110203,1.950523566972128E-4
110204,0.11013249060979076
110205,0.023370869826356968
110206,0.32790200675258613
110208,0.0
110209,0.001919436143302978
110211,0.08744486664688164
110102,0.4829238346063545
110103,0.12778620376255825
110104,0.019018426908489875
110105,0.14312170367320756
110106,0.5773330363338673
110110,0.281823554987105
110111,0.06476500222810266
110112,0.29073938518921294
110113,0.07691105671024202
110114,0.0
110101,0.6228562553036561
110107,0.07479575426217094
110108,0.09037939628155134
110109,0.0692342616120753
110301,0.35830049534718084
110302,0.0
110303,0.020098138712767978
110304,0.12933985387910923
110305,0.3540366447502474
110401,0.16898382739290221
110402,0.0
110403,0.03305534590758314
110405,0.0
110404,0.01736074565973609
110501,0.7354541139364734
110502,0.0024971121868690993
110503,0.05024275386813028
110504,0.07534631261462968
110505,0.04478320122819963
110506,0.30441642073494546
110507,0.4778219039005515
110508,0.4641543273345402
120301,0.2882254168217402
120302,0.30956268395913056
120303,0.3607660214982341
120304,0.008377733569618243
120306,0.004879083050252334
120305,0.2536128752548831
120908,0.20983615466527678
120901,0.4929748467912419
120904,0.09472482883813585
120903,0.12362765067308265
120909,0.007671726836044682
120906,0.0269717976815373
120902,0.07711825492568514
120907,0.015413109195096353
120905,0.39815280381600726
120210,0.12304303471163862
120215,0.11175595382878283
120207,0.012325965419410527
120205,0.03152493711636162
120209,0.044935689486435386
120204,0.02272264354331341
120211,0.06739736742667504
120201,0.40504532688863704
120212,0.0686366978796898
120208,0.15516847768423345
120213,0.21084975993612837
120202,0.14611452761054977
120214,0.018900613716667184
120203,0.006281745122238229
120206,0.003982911941235394
120114,0.7944939694222497
120125,0.6988146446870854
120127,0.10418492973819465
120135,0.0025664521848334353
120133,0.2534394632843199
120126,0.06336293605287034
120119,0.7342182581300308
120101,0.7674686499044636
120130,0.4095912119753275
120122,0.049952274934491406
120124,0.004236973362461935
120134,0.4536661126317811
120129,0.3963652891491026
120132,0.15980484554043706
120117,0.20295430204770715
120128,0.10269096268900048
120105,0.008759165361234448
120104,0.014669933533272112
120120,0.01852832501067742
120108,0.012981743308160182
120106,0.0151073290688078
120112,0.009632692088522653
120113,0.008707160610425525
120116,0.09281153442519884
120111,0.07068487390027803
120136,0.4700312034592842
120121,0.5081933706721778
120107,0.8473159729975128
120413,0.14327315585122607
120423,0.011206998685112254
120403,0.02778087052551692
120420,0.08909349555587737
120421,0.21101914644998357
120409,0.13866653256685887
120428,0.06764087681490744
120407,0.07830625326934502
120408,0.17558099561828097
120425,0.0331352067695278
120404,0.10207246813546651
120434,0.5265459927728364
120414,0.021492259041489038
120410,0.07157955256036945
120405,0.009177425540346923
120424,0.025311431253073377
120411,0.009689319831261273
120417,0.010479313277633327
120412,0.018854828841859964
120415,0.06216621648224649
120406,0.01307813144389456
120422,0.03243690850525665
120433,0.01114497517293957
120432,0.033635642727987435
120427,0.0018021004601544912
120419,8.698888151334425E-4
120430,0.4234738461276401
120429,0.015408819569910205
120431,0.032645381477750535
120401,0.7441235624437562
120416,0.023756814919614243
120418,0.0015002681478081276
120402,0.06815409800896291
120426,0.006420470070485198
120502,0.21392114180526806
120504,0.0048445335589457775
120501,0.39821679047628145
120503,0.00928481968379335
120609,0.0040646006712566985
120608,0.009165027670330932
120603,0.013000170155871271
120605,0.0019708382793075067
120606,0.15407430706644426
120602,0.039145868060092445
120601,0.4019316023321879
120607,0.060484154532864993
120604,0.20262305152502663
120704,0.06466168133247473
120703,0.02047188919704986
120701,0.3257067754602946
120709,0.016985805204218243
120705,0.1496129425114726
120702,0.09250699023030291
120706,0.04177897868392313
120707,0.03664186643055078
120708,0.08314840782555771
120805,0.095394000484279
120802,0.003816451350864613
120803,0.07996693116933924
120810,0.06348836540593619
120808,0.1954509494484872
120801,0.1193411930358165
120806,0.026730464754648853
120804,0.005803873556176484
120807,0.012957174218356406
120809,0.002752084317569436
130201,0.1897275890006338
130202,0.0655104595294444
130203,0.10685673193691744
130204,0.02082278175838502
130205,0.29078825187324564
130206,0.07534695129997863
130207,0.23883740636831954
130208,0.22143223836035023
130301,0.010866317516663662
130302,0.002456293887940666
130303,1.3477276495195257E-4
130304,0.019275300804562655
130305,0.00581124312906857
130306,0.0018972018052591144
130401,0.31102189730906865
130402,0.17908098268965125
130403,0.1272755179827566
131101,0.11071837100905266
131102,0.00871003616184574
131103,0.007192334441297989
131104,0.002792595552238394
130501,0.06035497749650274
130502,0.002082639191675697
130503,0.0246983423678733
130504,0.0
130601,0.17195479890000345
130602,0.004279737257010037
130604,0.019079682296966622
130605,0.007591537930085222
130606,0.0
130608,0.05118805178056581
130610,0.0
130611,0.0
130613,0.020257834015373018
130614,0.010894813916723612
130703,0.21399705331337657
130704,0.4659171787406303
130705,0.1735969574293596
130701,0.2382391893491679
130702,0.440704740852766
130801,0.0657275609764354
130802,0.009620746874757738
130803,0.009224305584169189
130804,0.01774836825480167
130805,0.0017686306468009752
130806,0.004068051242165006
130813,0.012844029777034452
130807,1.9252808111378574E-4
130808,0.03709688921333353
130809,0.019223368264540543
130810,0.003311141096550223
130811,0.007765103561917884
130812,0.005030169775439386
130907,0.0028811922495126747
130908,0.004973256853160886
130902,0.008767711411530054
130903,0.004036875472525886
130904,0.022322025152367444
130901,0.2865751827350772
130905,0.004922567125955826
130906,0.00368945112163088
131002,0.012307692661262437
131003,0.041741055718358934
131004,0.007297913751028438
131007,0.0
131008,0.0013481096484383782
131001,0.09413534220742119
131005,0.0064577071011516305
131006,0.016776363712154414
130102,0.8494138043341642
130107,0.17626204672066845
130108,0.010072936688834983
130101,0.7940000280037446
130104,0.44993992077642336
130109,0.36949168150775247
130110,0.018710061974683674
130111,0.6525274809189161
130106,0.15630516105874243
130103,0.9359366764852243
130105,0.8693580082952266
131201,0.09862270029914631
131202,0.10781730512850209
131203,0.06812681635733886
140103,0.29205198768668106
140106,0.6239865145298839
140107,0.12770187845463624
140108,0.27443569310754823
140114,0.5736916056624288
140115,0.09925512738036116
140116,0.22730453470946807
140104,0.2707399442265542
140105,0.7606469121914977
140101,0.7150278879512173
140102,0.1375769726876399
140110,0.08566975902835369
140111,0.18338654105524285
140112,0.3904620851549905
140117,0.32166367881885166
140118,0.19960235713868738
140119,0.14229722448097654
140120,0.34043652126923557
140109,0.07525839862526756
140113,0.14082992547203682
140202,0.0011883559664539768
140203,0.0021470680341619942
140201,0.6506474260146621
140204,0.02876889402697756
140205,0.04632670317460645
140206,0.6207995962314463
140301,0.3517901971416054
140302,0.015603838922945115
140304,0.08599737821260157
140305,0.16350739987079613
140306,0.07796036901091787
140307,0.12095148106719736
140308,0.06585450925115427
140303,0.14884895708341345
140309,0.10636281932088595
140310,0.031063990693369282
140311,0.12683950123582785
140312,0.1442168808230314
150201,0.4068125369563705
150202,0.23962016607619233
150204,0.18889715952150424
150205,0.2788602559385012
150203,0.07465774787581049
150304,0.007951547553609615
150305,0.009837750125024268
150301,0.007955487216175266
150302,0.0
150303,0.004747808632238395
150401,0.06888423895484283
150402,0.0
150403,0.01642076105213701
150404,0.003952283055290772
150405,0.005394775666892365
150406,0.01899539703323017
150407,0.013758484196519096
150507,0.347014523388372
150509,0.2346682906404417
150512,0.236293121307271
150515,0.020308330001717213
150503,0.016065311301331205
150504,0.08962026970108629
150506,0.002755958970115162
150508,0.03089459474306325
150510,0.12895316576862317
150511,0.03333544972113619
150513,0.02652890465257319
150514,0.09796192829038992
150516,0.022155312400352643
150501,0.17394505669618746
150502,0.017192653545925283
150505,0.1633843464511783
150607,0.005440674993876232
150608,0.008331877342022639
150609,0.01574895155373343
150610,0.00100351659181015
150612,0.019292225024821374
150601,0.3791063456428646
150605,0.26990181971229493
150611,0.001931507530110103
150602,2.914343930663682E-4
150603,0.002181005287970592
150604,0.03885948389265752
150606,9.796218896521802E-4
150701,0.02627457881005969
150702,0.0025744661927342887
150703,0.008239559331458361
150704,0.0
150705,0.0
150706,0.0
150707,0.0
150708,0.0
150709,0.03425169254783875
150710,0.0
150711,0.02832927661866076
150712,0.016140348221261966
150713,0.0030567943049651194
150714,0.24601465975370393
150715,0.00857833353949314
150716,0.0
150717,0.017187091018408998
150718,0.01102060146383356
150719,0.0
150720,0.005014218560309792
150721,0.0072382524167833515
150722,0.00597905205555198
150723,0.0
150724,0.0
150725,0.0
150726,0.0
150727,0.03499204403593463
150728,0.211888848670071
150729,0.0
150730,0.016592999636030874
150731,0.0
150732,0.009722635237326914
150806,0.26568126675718895
150807,0.0020888398118031207
150802,6.553926236214927E-4
150804,0.0011705287571244628
150808,0.001873749464713212
150809,0.002439253463475026
150811,0.09694027097698923
150812,0.18742859904595396
150801,0.5375074200856242
150803,0.2793960160948903
150805,0.7808946408003116
150810,0.4216252227462392
150118,0.5927980336763463
150113,0.9604256723249102
150101,0.9683021153185386
150116,0.9630477825187982
150122,0.9032454964138373
150120,0.9027468126674635
150121,0.9767900037544573
150130,0.9667321513498118
150134,0.9872515302960584
150136,0.9569361680264553
150137,0.9805045594302119
150141,0.9940293736976477
150105,0.9946538983074709
150128,0.8251533701314016
150112,0.8159509520105593
150132,0.7970047717942781
150139,0.565027912284815
150131,0.9206242631963589
150115,0.9815725191763622
150104,0.9381317297862375
150102,0.4457342192032708
150103,0.8374783128444047
150107,0.5603761549427456
150125,0.8726415255247968
150133,0.96479235795082
150140,0.9135175727782708
150142,0.9639540864190005
150143,0.8315540529514083
150135,0.9600103784564187
150110,0.873230763789876
150111,0.8136860818866086
150114,0.6935973106518825
150117,0.9445108268602073
150106,0.7132277162510903
150109,0.17363289042820287
150119,0.5952431375564262
150123,0.4698280092864659
150124,0.126594996133506
150126,0.540903515737015
150127,0.22850258751451172
150108,0.872580359825577
150138,0.3823392584634022
150129,0.40247110406255154
150902,0.007675408644530342
150903,0.001088124397694382
150904,0.004049937657247733
150905,0.0027852449609104815
150901,0.08619096074755093
150906,0.007366866834720227
151001,0.006696209604408737
151002,0.0
151003,0.003066548609065842
151004,0.012464880743890494
151005,0.0
151007,9.491089150277605E-4
151010,0.0
151013,0.0
151014,0.0026735048703104367
151016,0.0015763896582645005
151017,0.01527345852372668
151018,0.0039283355773028555
151020,0.0015989613681257502
151021,0.0028749157533256115
151022,2.21395726617317E-4
151024,0.02113162618982233
151025,0.0
151026,0.0
151027,0.009320208630783637
151028,0.004713131128850009
151029,0.0
151030,0.0050524095013394586
151033,0.002772981933080075
151008,0.010253369474833077
151009,9.313925671067184E-4
151012,0.005966180518968879
151015,0.004837495886000564
151019,0.0
151023,0.008007162451676066
151031,0.0
151032,0.0
151011,0.00273702924404359
151006,9.997778608140211E-5
160202,0.007369181457073408
160205,0.0029940105283552216
160206,0.014890898310405567
160210,0.0021980923097208046
160211,0.004016705178676329
160201,0.3293921817421742
160701,0.02379647014924556
160702,4.923400597815033E-4
160703,0.02583232925792149
160704,5.199585651677176E-4
160705,0.0013156396938839988
160706,0.0596110393379522
160305,0.003064806222414006
160301,0.15379022263166586
160302,4.8153535029573996E-4
160303,0.012353186551664154
160304,0.07431612485234225
160401,0.05155885149701388
160402,0.0019986068845969027
160403,0.004896960043136284
160404,0.006268113684186935
160101,0.13072068026490097
160102,3.382786841105804E-5
160103,0.03820656797157281
160104,0.012229770069013888
160105,3.280407181941764E-4
160106,0.013699728263562949
160107,0.0033561762816514797
160108,0.07600953038498959
160110,0.0
160112,0.14537820327857817
160113,0.31079527318005506
160804,6.46483423377403E-5
160802,0.0
160801,0.005235416778356004
160803,0.0018560625559986667
160502,2.1860423544465957E-4
160503,0.006041212421763088
160504,5.706903293785242E-4
160505,5.679456631418796E-4
160506,0.0013310480317385055
160507,9.521540834133676E-4
160508,3.084918489362978E-4
160501,0.16802434417768528
160509,0.0
160510,0.01863455167984279
160511,4.14159676742325E-4
160601,0.061854007711456556
160602,0.01127537001331699
160603,7.755747902547879E-4
160604,0.0026241969706984358
160605,0.0024049043053120064
160606,0.024709357878401006
170204,0.021025088944231576
170201,0.0023749721863825578
170203,0.006039150153815241
170202,2.5134812834633386E-5
170301,0.040669546294725425
170303,0.021570444949200424
170302,0.16743624645452387
170102,0.029656320280193497
170104,0.029915389595229023
170101,0.5526760389245563
170103,0.07856607965273947
180201,0.014714544001176102
180202,0.0045152486238918075
180203,0.0
180204,0.014756354474656577
180205,0.0
180206,0.001358670351946798
180207,0.0
180208,0.011023669966937226
180209,0.00809199838737787
180210,0.005602997525485424
180211,0.0
180301,0.45928975592456206
180302,2.4856675680135024E-4
180303,0.14816733099756854
180101,0.3288610124856538
180102,0.004395562193617932
180103,0.0
180104,0.2456646940980424
180105,0.022318838747671998
180106,0.02278588912547691
190203,0.00825213800636246
190202,0.007780743992825448
190205,0.024018794160041778
190207,0.057583570789863404
190204,0.012431548260599981
190208,0.010118940214925005
190206,0.012117119819131708
190201,0.02431844653759739
190306,0.013971522696066626
190301,0.44742804432793915
190307,0.23404849214409348
190302,0.17920320345166058
190303,0.0075718818615244975
190305,0.005562670798349875
190308,0.06482947368988123
190304,0.006830756587595029
190104,0.07896818551152451
190112,0.11101917307122575
190105,0.05772553132617308
190111,0.2448410521313746
190101,0.6467469387155743
190107,0.13644042191608335
190113,0.4479258628395547
190109,0.14985449162910044
190110,0.0050917866049129115
190108,0.02897085164530039
190103,0.031636818934016785
190106,0.01285831481469359
190102,0.01754866498405604
200206,0.00180377667525932
200202,0.0
200208,0.0
200204,0.0
200207,0.036468480243135856
200205,0.0
200201,0.01462438545889379
200203,0.0
200209,0.0
200210,0.005640132777222429
200301,0.14795476857916812
200305,0.0
200304,0.010536375634600562
200306,0.0
200302,0.0
200308,0.01246743371366902
200307,0.013345437348799036
200303,0.005814178279929145
200402,0.09654722206452444
200405,0.16881313076428314
200410,0.0
200404,0.13492996382618336
200403,0.012999632684042315
200401,0.32329145891020156
200406,0.059877091253679245
200407,0.04779405303152864
200408,0.002075290355829336
200409,0.0
200501,0.468505190354179
200504,0.28852100565823996
200506,0.13675120461654766
200507,0.027697928034939968
200502,0.0549957832565808
200503,0.0595135593082713
200505,0.08542538201386439
200105,0.22457324996764258
200101,0.7245101738464055
200104,0.5347987785535261
200111,0.161277757352983
200115,0.7684963236406631
200108,0.09188250157424527
200109,0.2449011504914735
200107,0.18740765968456616
200110,0.3134239420805106
200114,0.15741404310852247
200801,0.11944466224489822
200804,0.042997569116760295
200806,0.15910209316076465
200803,0.12229709613405375
200802,0.16418892395458304
200805,0.12827746231458545
200603,0.11377236523178985
200607,0.13023612283006272
200604,7.094468512852744E-4
200602,0.9139594844621647
200605,0.06361300257001536
200608,0.14025086125277314
200606,0.12452098312065031
200601,0.5771943792145134
200703,0.14042422239117047
200701,0.4518007965172412
200704,0.017376836577112354
200705,0.38119590379425466
200706,0.4357557188758686
200702,0.10224907893351355
210202,0.002496154967398114
210210,0.005564592283894208
210205,0.006714207236065221
210203,0.035572865384201784
210206,0.014220733237065124
210214,0.0038394184137534315
210213,0.0025769852709109447
210215,0.038395871856998415
210201,0.34124766724661765
210204,0.04374121272447512
210208,0.07627407558545769
210211,0.057329422388828155
210212,0.015568890655840106
210209,0.054837555709702654
210207,0.24013289272624758
210306,0.08556641416157773
210302,0.04217976101789467
210301,0.18057613535312061
210310,0.006616305706176626
210305,0.00927253598560932
210307,0.0055779194465913375
210308,0.025050154992736266
210304,0.009042793985233485
210303,0.014065139101201277
210309,0.022701958706648175
210405,0.012843353066848189
210404,0.004849611563730927
210403,0.0021067218504735026
210402,0.29869115240634475
210407,0.05943052017130761
210401,0.13013583680483815
210406,0.03650819946365628
210502,0.00259475225986884
210504,0.04839979566057186
210505,0.01935397940126607
210503,0.015886924602717418
210501,0.45517670918776587
210607,0.07009899898077374
210605,0.003763351950031791
210606,0.012222856416131377
210601,0.18639746459419784
210608,0.009868478847595787
210602,0.03586597483090946
210603,0.05163879821931408
210604,0.004811784073249022
210703,0.0059190110272917835
210701,0.2006244799467502
210709,0.0757192565628573
210702,0.014291425130889686
210707,0.003190216393467576
210704,0.004708225651473793
210706,0.007791414079973994
210710,0.0057131546617612905
210708,0.04258267068219057
210705,0.0
210808,0.02878847964832034
210804,0.030320147303151104
210809,0.0052883345141122255
210803,0.007683980573019605
210801,0.35081371003724227
210805,0.02765409177898413
210807,0.010386895227280856
210806,0.059639257442633424
210802,0.05266331776265923
210903,0.032740617782822924
210904,0.021608449143670667
210902,0.018558967501475634
210901,0.05557936079861723
210106,0.05504880269697567
210101,0.5554618359385344
210114,0.010358163793746215
210109,0.07006799693605234
210110,0.021618311848501274
210115,0.03956607178154534
210104,0.006616678878364156
210103,0.009256715809033134
210108,0.007952896636229948
210107,0.02822664483987366
210105,0.0186051995958873
210111,0.026049365575882232
210113,0.006276234406743619
210102,0.062426977360836154
210112,0.021241598755731735
211003,0.014264027164212486
211004,0.05925181440025778
211001,0.10191624087042336
211002,0.10899228080707588
211005,0.001906002528671779
211105,0.7602323359948047
211102,0.018906291675752758
211103,0.09540720895453138
211101,0.7822528962974865
211104,0.16918510282889385
211202,0.01536228455515032
211204,0.003863877937275073
211201,0.013878109411129661
211206,0.004728660298108532
211208,0.002765159020734318
211207,0.011701461077670295
211205,0.010698614361499492
211209,0.0037993684378172746
211203,0.00504890015384492
211210,0.003215737168709755
211303,0.06092858147007251
211302,0.0
211307,0.044712272535368275
211305,0.002414949865349047
211304,0.1614937703266719
211301,0.3038802161098641
211306,0.009666447704237021
220202,0.010289513530873986
220204,0.03609041998213898
220203,0.025658242578975123
220206,0.12110310571839412
220201,0.44899266316352116
220205,0.07007518333526294
220304,0.01908085108529587
220302,0.04685996065070261
220301,0.1393650528818567
220305,0.03365489778132129
220303,0.042515109896183755
220405,0.0629008661119095
220406,0.04996438235631292
220403,0.04851279439853837
220404,0.07774921775591084
220401,0.20879640421187917
220402,0.004935459047507514
220511,0.01774900019142179
220505,0.061474706753117885
220501,0.41525887337176726
220507,0.060369283460425825
220509,0.02700113804587815
220510,0.12073319899443609
220502,0.06805421905246382
220504,0.0593799473199817
220503,0.012179633717663682
220506,0.017977185869765124
220508,0.003613449417722661
220602,0.04865891896293557
220605,0.01638574392470307
220601,0.5661053413991124
220603,0.00899113334386408
220604,0.011441531451752557
220103,0.11208436341989307
220105,0.33424337076192023
220104,0.07401511112506887
220101,0.4077651190444942
220102,0.229375479340006
220106,0.1333473621348273
220703,0.13272086233716113
220707,0.20878132104604433
220706,0.1122854913713435
220708,0.01712598601957139
220709,0.031489503704792435
220701,0.3513019731045593
220705,0.13836223570645662
220704,0.060814048432148646
220710,0.040332380021547064
220702,0.058612800334438636
220808,0.12168209594339525
220801,0.5275177626307024
220803,0.24496087514166334
220804,0.4597982036641617
220806,0.1327927107633303
220809,0.14410061367268592
220807,0.0028231417064107246
220802,0.0547270715058396
220805,0.05111196017792615
220912,0.029794649323286543
220913,0.18391662558830746
220902,0.02787418089451272
220908,0.18514398069939786
220914,0.05754952113013923
220904,0.05462345299851122
220909,0.5568970014491287
220910,0.798855664098751
220901,0.8957770756574764
220903,0.31542922769211307
220907,0.021026905594784262
220905,0.03679103745530954
220911,0.0017316822804602978
220906,0.030007664997128956
221005,0.13525838904114418
221002,0.07177935239722362
221004,0.0015275818986885538
221001,0.288831667106989
221003,0.017151493963519695
230201,0.014380373109452307
230202,0.01737409407061658
230203,0.02145597631728171
230204,0.005385029256885401
230205,0.015040538470079396
230206,0.010507630212913947
230301,0.006510488517750063
230302,0.001836857440046359
230303,0.010920157427331866
230111,4.1289160651351533E-4
230101,0.6482292572722174
230103,0.21564449921251375
230105,0.0
230106,0.027347770615274557
230107,0.0022465650258223324
230108,0.49803097201743435
230109,0.002510490159765046
230110,0.7138948060030368
230102,0.7253718047303236
230104,0.7750852767891594
230407,0.0
230408,0.03687060428123108
230401,0.12419955847329515
230402,0.0
230403,0.0
230404,0.0
230405,0.009743422933984152
230406,0.007503765127767185
240201,0.10754008257412663
240202,0.0018620109330863082
240203,0.02298864397604023
240101,0.5456219796215253
240102,0.2462602808863892
240103,0.3348940267031321
240104,0.033637458942244944
240105,0.05132273953981213
240106,0.06405516804813041
240301,0.3845429111996715
240302,0.3023663363140195
240303,0.0
240304,0.020289443075419043
250202,0.004593643087536462
250201,0.09731747384757233
250203,0.015600232245474218
250204,1.1088552328384602E-5
250103,7.167193271343449E-4
250104,0.004903364779334798
250107,0.7695879917351633
250105,0.6816025087776573
250101,0.6681831440427697
250102,0.11273424923122417
250106,0.018459863120619646
250301,0.10500618947911142
250305,0.1259089967247988
250302,0.026030728616764302
250304,0.05125717286468558
250303,0.07487610128912209
250401,0.0028755426662535936
